brand,name,name_cn,category,size,ounces,calories,sugar,fat,protein,caffeine,carbs,sodium,ingredients,market,spu_code,source,source_url,source_type,source_platform,source_count,calorie_min,calorie_max,discovery_method,scraped_at
古茗,黑糖珍珠牛乳,黑糖珍珠牛乳,奶茶,中杯,,576.0,,,,,,,图片标注默认中杯、冰、不另外加糖；同名商品采用后图较新数值,中国,,社交媒体数据整理,social://user-images/%E5%8F%A4%E8%8C%97/%E9%BB%91%E7%B3%96%E7%8F%8D%E7%8F%A0%E7%89%9B%E4%B9%B3,social_media,用户提供社交媒体图片,1.0,576.0,576.0,user_provided_social_images,2026-08-16T07:56:37+08:00
古茗,芋泥麻薯炖奶,芋泥麻薯炖奶,奶茶,中杯,,557.0,,,,,,,图片标注默认中杯、冰、不另外加糖；同名商品采用后图较新数值,中国,,社交媒体数据整理,social://user-images/%E5%8F%A4%E8%8C%97/%E8%8A%8B%E6%B3%A5%E9%BA%BB%E8%96%AF%E7%82%96%E5%A5%B6,social_media,用户提供社交媒体图片,1.0,557.0,557.0,user_provided_social_images,2026-08-16T07:56:37+08:00
古茗,生椰芋泥芒芒,生椰芋泥芒芒,果饮,中杯,,498.0,,,,,,,图片标注默认中杯、冰、不另外加糖；同名商品采用后图较新数值,中国,,社交媒体数据整理,social://user-images/%E5%8F%A4%E8%8C%97/%E7%94%9F%E6%A4%B0%E8%8A%8B%E6%B3%A5%E8%8A%92%E8%8A%92,social_media,用户提供社交媒体图片,1.0,498.0,498.0,user_provided_social_images,2026-08-16T07:56:37+08:00
古茗,桃胶木薯炖奶,桃胶木薯炖奶,奶茶,中杯,,489.0,,,,,,,图片标注默认中杯、冰、不另外加糖；同名商品采用后图较新数值,中国,,社交媒体数据整理,social://user-images/%E5%8F%A4%E8%8C%97/%E6%A1%83%E8%83%B6%E6%9C%A8%E8%96%AF%E7%82%96%E5%A5%B6,social_media,用户提供社交媒体图片,1.0,489.0,489.0,user_provided_social_images,2026-08-16T07:56:37+08:00
古茗,香草籽雪芙拿铁,香草籽雪芙拿铁,咖啡,中杯,,450.0,,,,,,,图片标注默认中杯、冰、不另外加糖；同名商品采用后图较新数值,中国,,社交媒体数据整理,social://user-images/%E5%8F%A4%E8%8C%97/%E9%A6%99%E8%8D%89%E7%B1%BD%E9%9B%AA%E8%8A%99%E6%8B%BF%E9%93%81,social_media,用户提供社交媒体图片,1.0,450.0,450.0,user_provided_social_images,2026-08-16T07:56:37+08:00
古茗,生椰抹茶麻薯,生椰抹茶麻薯,其他饮品,中杯,,447.0,,,,,,,图片标注默认中杯、冰、不另外加糖；同名商品采用后图较新数值,中国,,社交媒体数据整理,social://user-images/%E5%8F%A4%E8%8C%97/%E7%94%9F%E6%A4%B0%E6%8A%B9%E8%8C%B6%E9%BA%BB%E8%96%AF,social_media,用户提供社交媒体图片,1.0,447.0,447.0,user_provided_social_images,2026-08-16T07:56:37+08:00
古茗,芋泥牛乳小丸子,芋泥牛乳小丸子,奶茶,中杯,,434.0,,,,,,,图片标注默认中杯、冰、不另外加糖；同名商品采用后图较新数值,中国,,社交媒体数据整理,social://user-images/%E5%8F%A4%E8%8C%97/%E8%8A%8B%E6%B3%A5%E7%89%9B%E4%B9%B3%E5%B0%8F%E4%B8%B8%E5%AD%90,social_media,用户提供社交媒体图片,1.0,434.0,434.0,user_provided_social_images,2026-08-16T07:56:37+08:00
古茗,提拉米苏拿铁,提拉米苏拿铁,咖啡,中杯,,412.0,,,,,,,图片标注默认中杯、冰、不另外加糖；同名商品采用后图较新数值,中国,,社交媒体数据整理,social://user-images/%E5%8F%A4%E8%8C%97/%E6%8F%90%E6%8B%89%E7%B1%B3%E8%8B%8F%E6%8B%BF%E9%93%81,social_media,用户提供社交媒体图片,1.0,412.0,412.0,user_provided_social_images,2026-08-16T07:56:37+08:00
喜茶,烤黑糖波波牛乳茶,烤黑糖波波牛乳茶,牛乳茶,,,410.0,,,,,,,,中国,,喜茶官方热量数据,official://heytea/calories/%E7%83%A4%E9%BB%91%E7%B3%96%E6%B3%A2%E6%B3%A2%E7%89%9B%E4%B9%B3%E8%8C%B6,official,喜茶官方,1.0,410.0,410.0,official_spreadsheet_import,2026-08-16T06:28:46+08:00
古茗,苦尽柑来拿铁,苦尽柑来拿铁,咖啡,中杯,,400.0,,,,,,,图片标注默认中杯、冰、不另外加糖；同名商品采用后图较新数值,中国,,社交媒体数据整理,social://user-images/%E5%8F%A4%E8%8C%97/%E8%8B%A6%E5%B0%BD%E6%9F%91%E6%9D%A5%E6%8B%BF%E9%93%81,social_media,用户提供社交媒体图片,1.0,400.0,400.0,user_provided_social_images,2026-08-16T07:56:37+08:00
星巴克,Iced Banana Protein Cream Matcha,冰香蕉蛋白奶油抹茶,抹茶,Grande 16 fl oz,16.0,400.0,38.0,17.0,23.0,55.0,,,"MILK, ICE, BANANA PROTEIN COLD FOAM [VANILLA SWEET CREAM (CREAM (CREAM, MONO AND DIGLYCERIDES, CARAGEENAN), MILK, VANILLA SYRUP (SUGAR, WATER, NATURAL FLAVORS, POTASSIUM SORBATE, CITRIC ACID)), PROTEIN POWDER (WHEY PROTEIN ISOLATE (MILK), SUNFLOWER LECITHIN), BANANA SYRUP (SUGAR, WATER, NATURAL FLAVOR, POTASSIUM SORBATE, CITRIC ACID)], CLASSIC SYRUP [SUGAR, WATER, NATURAL FLAVORS, POTASSIUM SORBATE, CITRIC ACID], MATCHA [GROUND GREEN TEA]",,,Starbucks Official,https://www.starbucks.com/menu/product/28243/iced/nutrition,official,,,,,auto,2026-08-15 23:02:15
星巴克,Iced Dubai Chocolate Matcha,冰迪拜巧克力抹茶,抹茶,Grande 16 fl oz,16.0,400.0,45.0,19.0,10.0,60.0,,,"MILK, ICE, CHOCOLATE COLD FOAM [VANILLA SWEET CREAM (CREAM (CREAM, MONO AND DIGLYCERIDES, CARRAGEENAN)), MILK, VANILLA SYRUP (SUGAR, WATER, NATURAL FLAVORS, POTASSIUM SORBATE, CITRIC ACID), MOCHA SAUCE (WATER, SUGAR, COCOA PROCESSED WITH ALKALI, NATURAL FLAVOR)], PISTACHIO SAUCE [INVERT SUGAR, CONDENSED NONFAT MILK, WATER, PISTACHIO BUTTER (GROUND PISTACHIOS), NATURAL FLAVORS, COCOA BUTTER, SALT, POTASSIUM SORBATE, XANTHAN GUM, TOCOPHEROLS, MONOGLYCERIDES], MATCHA [GROUND GREEN TEA], SALTED BROWN BUTTER COOKIE FLAVORED TOPPING [SUGARS (SUGAR, POWDERED SUGAR), CORN STARCH, SEA SALT, FRUIT AND VEGETABLE COLOR (PUMPKIN, SUGAR BEETS, APPLE, CARROT, HIBISCUS), NATURAL FLAVORS, SALT]",,,Starbucks Official,https://www.starbucks.com/menu/product/28775/iced/nutrition,official,,,,,auto,2026-08-15 23:02:58
库迪,生酪拿铁,生酪拿铁,奶咖,超大杯,19.2740122068744,391.0,,,,,,,图片标注默认不加糖；半糖增加23千卡，全糖增加46千卡；热饮约为冰饮热量的1.2倍,中国,,社交媒体数据整理,social://xiaohongshu/cotti/%E7%94%9F%E9%85%AA%E6%8B%BF%E9%93%81/%E8%B6%85%E5%A4%A7%E6%9D%AF,social_media,小红书公开图片,1.0,391.0,391.0,user_provided_social_images,2026-08-16T07:01:08+08:00
库迪,潘帕斯蓝生酪茉莉拿铁,潘帕斯蓝生酪茉莉拿铁,奶咖,超大杯,19.2740122068744,391.0,,,,,,,图片标注默认不加糖；半糖增加23千卡，全糖增加46千卡；热饮约为冰饮热量的1.2倍,中国,,社交媒体数据整理,social://xiaohongshu/cotti/%E6%BD%98%E5%B8%95%E6%96%AF%E8%93%9D%E7%94%9F%E9%85%AA%E8%8C%89%E8%8E%89%E6%8B%BF%E9%93%81/%E8%B6%85%E5%A4%A7%E6%9D%AF,social_media,小红书公开图片,1.0,391.0,391.0,user_provided_social_images,2026-08-16T07:01:08+08:00
古茗,古茗奶茶,古茗奶茶,奶茶,中杯,,388.0,,,,,,,图片标注默认中杯、冰、不另外加糖；同名商品采用后图较新数值,中国,,社交媒体数据整理,social://user-images/%E5%8F%A4%E8%8C%97/%E5%8F%A4%E8%8C%97%E5%A5%B6%E8%8C%B6,social_media,用户提供社交媒体图片,1.0,388.0,388.0,user_provided_social_images,2026-08-16T07:56:37+08:00
库迪,小黄油茉香抹茶,小黄油茉香抹茶,奶茶,超大杯,19.2740122068744,382.0,,,,,,,图片标注默认不加糖；半糖增加23千卡，全糖增加46千卡；热饮约为冰饮热量的1.2倍,中国,,社交媒体数据整理,social://xiaohongshu/cotti/%E5%B0%8F%E9%BB%84%E6%B2%B9%E8%8C%89%E9%A6%99%E6%8A%B9%E8%8C%B6/%E8%B6%85%E5%A4%A7%E6%9D%AF,social_media,小红书公开图片,1.0,382.0,382.0,user_provided_social_images,2026-08-16T07:01:08+08:00
星巴克,Caramel Frappuccino® Blended Beverage,焦糖咖啡星冰乐,星冰乐,Grande 16 fl oz,16.0,380.0,54.0,16.0,4.0,90.0,,,"ICE, MILK, COFFEE FRAPPUCCINO SYRUP [SUGAR, WATER, NATURAL FLAVOR, SALT, XANTHAN GUM, POTASSIUM SORBATE, CITRIC ACID], WHIPPED CREAM [CREAM (CREAM, MONO AND DIGLYCERIDES, CARAGEENAN), VANILLA SYRUP (SUGAR, WATER, NATURAL FLAVORS, POTASSIUM SORBATE, CITRIC ACID)], COFFEE, CARAMEL SYRUP [SUGAR, WATER, NATURAL FLAVOR, CITRIC ACID, POTASSIUM SORBATE], CARAMEL SAUCE [SUGAR, CORN SYRUP, BUTTER (CREAM (MILK), SALT), WATER, HEAVY CREAM, NONFAT DRY MILK, NATURAL FLAVORS, SALT, MONO & DIGLYCERIDES, SOY LECITHIN, SULFITES]",,,Starbucks Official,https://www.starbucks.com/menu/product/424/iced/nutrition,official,,,,,seed,2026-08-15 23:14:27
喜茶,三倍厚抹,三倍厚抹,抹茶,,,375.0,,,,,,,,中国,,喜茶官方热量数据,official://heytea/calories/%E4%B8%89%E5%80%8D%E5%8E%9A%E6%8A%B9,official,喜茶官方,1.0,375.0,375.0,official_spreadsheet_import,2026-08-16T06:28:46+08:00
古茗,龙井香青团,龙井香青团,其他饮品,中杯,,371.0,,,,,,,图片标注默认中杯、冰、不另外加糖；同名商品采用后图较新数值,中国,,社交媒体数据整理,social://user-images/%E5%8F%A4%E8%8C%97/%E9%BE%99%E4%BA%95%E9%A6%99%E9%9D%92%E5%9B%A2,social_media,用户提供社交媒体图片,1.0,371.0,371.0,user_provided_social_images,2026-08-16T07:56:37+08:00
星巴克,Caffè Mocha,摩卡,咖啡,Grande 16 fl oz,16.0,370.0,35.0,15.0,14.0,175.0,,,"MILK, BREWED ESPRESSO, MOCHA SAUCE [WATER, SUGAR, COCOA PROCESSED WITH ALKALI, NATURAL FLAVOR], WHIPPED CREAM [CREAM (CREAM, MONO AND DIGLYCERIDES, CARAGEENAN), VANILLA SYRUP (SUGAR, WATER, NATURAL FLAVORS, POTASSIUM SORBATE, CITRIC ACID)]",,,Starbucks Official,https://www.starbucks.com/menu/product/408/hot/nutrition,official,,,,,seed,2026-08-15 23:13:53
星巴克,Mocha Frappuccino® Blended Beverage,摩卡星冰乐,星冰乐,Grande 16 fl oz,16.0,370.0,51.0,15.0,5.0,100.0,,,"ICE, MILK, COFFEE FRAPPUCCINO SYRUP [SUGAR, WATER, NATURAL FLAVOR, SALT, XANTHAN GUM, POTASSIUM SORBATE, CITRIC ACID], WHIPPED CREAM [CREAM (CREAM, MONO AND DIGLYCERIDES, CARAGEENAN), VANILLA SYRUP (SUGAR, WATER, NATURAL FLAVORS, POTASSIUM SORBATE, CITRIC ACID)], COFFEE, MOCHA SAUCE [WATER, SUGAR, COCOA PROCESSED WITH ALKALI, NATURAL FLAVOR]",,,Starbucks Official,https://www.starbucks.com/menu/product/426/iced/nutrition,official,,,,,seed,2026-08-15 23:14:32
星巴克,Hot Chocolate,热巧克力,其他饮品,Grande 16 fl oz,16.0,370.0,37.0,16.0,14.0,25.0,,,"MILK, MOCHA SAUCE [WATER, SUGAR, COCOA PROCESSED WITH ALKALI, NATURAL FLAVOR], WHIPPED CREAM [CREAM (CREAM, MONO AND DIGLYCERIDES, CARAGEENAN), VANILLA SYRUP (SUGAR, WATER, NATURAL FLAVORS, POTASSIUM SORBATE, CITRIC ACID)]",,,Starbucks Official,https://www.starbucks.com/menu/product/471/hot/nutrition,official,,,,,auto,2026-08-15 23:15:11
喜茶,苦巧·咸酪,苦巧·咸酪,牛乳茶,,,369.0,,,,,,,,中国,,喜茶官方热量数据,official://heytea/calories/%E8%8B%A6%E5%B7%A7%C2%B7%E5%92%B8%E9%85%AA,official,喜茶官方,1.0,369.0,369.0,official_spreadsheet_import,2026-08-16T06:28:46+08:00
古茗,咸乳酪泰有米,咸乳酪泰有米,果饮,中杯,,368.0,,,,,,,图片标注默认中杯、冰、不另外加糖；同名商品采用后图较新数值,中国,,社交媒体数据整理,social://user-images/%E5%8F%A4%E8%8C%97/%E5%92%B8%E4%B9%B3%E9%85%AA%E6%B3%B0%E6%9C%89%E7%B1%B3,social_media,用户提供社交媒体图片,1.0,368.0,368.0,user_provided_social_images,2026-08-16T07:56:37+08:00
库迪,锡兰金杯鸳鸯拿铁,锡兰金杯鸳鸯拿铁,奶咖,超大杯,19.2740122068744,363.0,,,,,,,图片标注默认不加糖；半糖增加23千卡，全糖增加46千卡；热饮约为冰饮热量的1.2倍,中国,,社交媒体数据整理,social://xiaohongshu/cotti/%E9%94%A1%E5%85%B0%E9%87%91%E6%9D%AF%E9%B8%B3%E9%B8%AF%E6%8B%BF%E9%93%81/%E8%B6%85%E5%A4%A7%E6%9D%AF,social_media,小红书公开图片,1.0,363.0,363.0,user_provided_social_images,2026-08-16T07:01:08+08:00
古茗,卡美罗焦糖拿铁,卡美罗焦糖拿铁,咖啡,中杯,,359.0,,,,,,,图片标注默认中杯、冰、不另外加糖；同名商品采用后图较新数值,中国,,社交媒体数据整理,social://user-images/%E5%8F%A4%E8%8C%97/%E5%8D%A1%E7%BE%8E%E7%BD%97%E7%84%A6%E7%B3%96%E6%8B%BF%E9%93%81,social_media,用户提供社交媒体图片,1.0,359.0,359.0,user_provided_social_images,2026-08-16T07:56:37+08:00
古茗,布蕾脆脆奶芙,布蕾脆脆奶芙,奶茶,中杯,,355.0,,,,,,,图片标注默认中杯、冰、不另外加糖；同名商品采用后图较新数值,中国,,社交媒体数据整理,social://user-images/%E5%8F%A4%E8%8C%97/%E5%B8%83%E8%95%BE%E8%84%86%E8%84%86%E5%A5%B6%E8%8A%99,social_media,用户提供社交媒体图片,1.0,355.0,355.0,user_provided_social_images,2026-08-16T07:56:37+08:00
喜茶,烤黑糖波波牛乳,烤黑糖波波牛乳,牛乳茶,,,355.0,,,,,,,,中国,,喜茶官方热量数据,official://heytea/calories/%E7%83%A4%E9%BB%91%E7%B3%96%E6%B3%A2%E6%B3%A2%E7%89%9B%E4%B9%B3,official,喜茶官方,1.0,355.0,355.0,official_spreadsheet_import,2026-08-16T06:28:46+08:00
喜茶,咸酪厚抹,咸酪厚抹,抹茶,,,355.0,,,,,,,,中国,,喜茶官方热量数据,official://heytea/calories/%E5%92%B8%E9%85%AA%E5%8E%9A%E6%8A%B9,official,喜茶官方,1.0,355.0,355.0,official_spreadsheet_import,2026-08-16T06:28:46+08:00
库迪,小黄油拿铁,小黄油拿铁,奶咖,超大杯,19.2740122068744,354.0,,,,,,,图片标注默认不加糖；半糖增加23千卡，全糖增加46千卡；热饮约为冰饮热量的1.2倍,中国,,社交媒体数据整理,social://xiaohongshu/cotti/%E5%B0%8F%E9%BB%84%E6%B2%B9%E6%8B%BF%E9%93%81/%E8%B6%85%E5%A4%A7%E6%9D%AF,social_media,小红书公开图片,1.0,354.0,354.0,user_provided_social_images,2026-08-16T07:01:08+08:00
古茗,云深幽兰,云深幽兰,果饮,中杯,,350.0,,,,,,,图片标注默认中杯、冰、不另外加糖；同名商品采用后图较新数值,中国,,社交媒体数据整理,social://user-images/%E5%8F%A4%E8%8C%97/%E4%BA%91%E6%B7%B1%E5%B9%BD%E5%85%B0,social_media,用户提供社交媒体图片,1.0,350.0,350.0,user_provided_social_images,2026-08-16T07:56:37+08:00
星巴克,Iced Orange Cream Matcha,冰香橙奶油抹茶,抹茶,Grande 16 fl oz,16.0,350.0,37.0,17.0,9.0,55.0,,,"MILK, ICE, ORANGE CREAM COLD FOAM [VANILLA SWEET CREAM (CREAM (CREAM, MONO AND DIGLYCERIDES, CARAGEENAN), MILK, VANILLA SYRUP (SUGAR, WATER, NATURAL FLAVORS, POTASSIUM SORBATE, CITRIC ACID)), ORANGE VANILLA SWEET POWDER (SUGARS (CANE SUGAR, VEGETABLE JUICE CONCENTRATE FOR COLOR (PEPPER, CARROT)), NATURAL FLAVORS, MALTODEXTRIN, SALT, RICE HULLS, CITRIC ACID, SOYBEAN OIL)], CLASSIC SYRUP [SUGAR, WATER, NATURAL FLAVORS, POTASSIUM SORBATE, CITRIC ACID], MATCHA [GROUND GREEN TEA]",,,Starbucks Official,https://www.starbucks.com/menu/product/40668/iced/nutrition,official,,,,,auto,2026-08-15 23:12:59
星巴克,Vanilla Crème,香草风味蒸奶,其他饮品,Grande 16 fl oz,16.0,350.0,43.0,14.0,13.0,0.0,,,"MILK, VANILLA SYRUP [SUGAR, WATER, NATURAL FLAVORS, POTASSIUM SORBATE, CITRIC ACID], WHIPPED CREAM [CREAM (CREAM, MONO AND DIGLYCERIDES, CARAGEENAN), VANILLA SYRUP (SUGAR, WATER, NATURAL FLAVORS, POTASSIUM SORBATE, CITRIC ACID)]",,,Starbucks Official,https://www.starbucks.com/menu/product/873068652/hot/nutrition,official,,,,,auto,2026-08-15 23:15:36
库迪,黑糖波波牛乳,黑糖波波牛乳,无咖无茶,超大杯,19.2740122068744,342.0,,,,,,,图片标注默认不加糖；半糖增加23千卡，全糖增加46千卡；热饮约为冰饮热量的1.2倍,中国,,社交媒体数据整理,social://xiaohongshu/cotti/%E9%BB%91%E7%B3%96%E6%B3%A2%E6%B3%A2%E7%89%9B%E4%B9%B3/%E8%B6%85%E5%A4%A7%E6%9D%AF,social_media,小红书公开图片,1.0,342.0,342.0,user_provided_social_images,2026-08-16T07:01:08+08:00
库迪,黑糖波波牛乳茶,黑糖波波牛乳茶,奶茶,超大杯,19.2740122068744,342.0,,,,,,,图片标注默认不加糖；半糖增加23千卡，全糖增加46千卡；热饮约为冰饮热量的1.2倍,中国,,社交媒体数据整理,social://xiaohongshu/cotti/%E9%BB%91%E7%B3%96%E6%B3%A2%E6%B3%A2%E7%89%9B%E4%B9%B3%E8%8C%B6/%E8%B6%85%E5%A4%A7%E6%9D%AF,social_media,小红书公开图片,1.0,342.0,342.0,user_provided_social_images,2026-08-16T07:01:08+08:00
库迪,卡布奇诺,卡布奇诺,经典咖啡,超大杯,19.2740122068744,342.0,,,,,,,图片标注默认不加糖；半糖增加23千卡，全糖增加46千卡；热饮约为冰饮热量的1.2倍,中国,,社交媒体数据整理,social://xiaohongshu/cotti/%E5%8D%A1%E5%B8%83%E5%A5%87%E8%AF%BA/%E8%B6%85%E5%A4%A7%E6%9D%AF,social_media,小红书公开图片,1.0,342.0,342.0,user_provided_social_images,2026-08-16T07:01:08+08:00
喜茶,苦巧·咸酪碎银子,苦巧·咸酪碎银子,牛乳茶,,,340.0,,,,,,,,中国,,喜茶官方热量数据,official://heytea/calories/%E8%8B%A6%E5%B7%A7%C2%B7%E5%92%B8%E9%85%AA%E7%A2%8E%E9%93%B6%E5%AD%90,official,喜茶官方,1.0,340.0,340.0,official_spreadsheet_import,2026-08-16T06:28:46+08:00
瑞幸,雪酪芝士抹茶,雪酪芝士抹茶,抹茶,,,336.0,,,,,,,,中国,,用户提供表格数据,official://luckin/calories/%E9%9B%AA%E9%85%AA%E8%8A%9D%E5%A3%AB%E6%8A%B9%E8%8C%B6,official,瑞幸表格数据,1.0,336.0,336.0,spreadsheet_import,2026-08-16T07:01:08+08:00
喜茶,芝芝抹茶,芝芝抹茶,抹茶,,,335.0,,,,,,,,中国,,喜茶官方热量数据,official://heytea/calories/%E8%8A%9D%E8%8A%9D%E6%8A%B9%E8%8C%B6,official,喜茶官方,1.0,335.0,335.0,official_spreadsheet_import,2026-08-16T06:28:46+08:00
库迪,黑糖波波轻乳茶,黑糖波波轻乳茶,奶茶,超大杯,19.2740122068744,330.0,,,,,,,图片标注默认不加糖；半糖增加23千卡，全糖增加46千卡；热饮约为冰饮热量的1.2倍,中国,,社交媒体数据整理,social://xiaohongshu/cotti/%E9%BB%91%E7%B3%96%E6%B3%A2%E6%B3%A2%E8%BD%BB%E4%B9%B3%E8%8C%B6/%E8%B6%85%E5%A4%A7%E6%9D%AF,social_media,小红书公开图片,1.0,330.0,330.0,user_provided_social_images,2026-08-16T07:01:08+08:00
星巴克,Pistachio Crème,开心果奶油饮,其他饮品,Grande 16 fl oz,16.0,330.0,47.0,9.0,13.0,0.0,,,"MILK, PISTACHIO SAUCE [INVERT SUGAR, CONDENSED NONFAT MILK, PISTACHIO BUTTER (GROUND PISTACHIOS), NATURAL FLAVORS, COCOA BUTTER, SALT, PRESERVATIVE: POTASSIUM SORBATE, XANTHAN GUM, TOCOPHEROLS, MONOGLYCERIDES], SALTED BROWN BUTTER COOKIE FLAVORED TOPPING [SUGARS (SUGAR, POWDERED SUGAR), CORN STARCH, SEA SALT, FRUIT AND VEGETABLE COLOR (PUMPKIN, SUGAR BEETS, APPLE, CARROT, HIBISCUS), NATURAL FLAVORS, SALT]",,,Starbucks Official,https://www.starbucks.com/menu/product/2123366/hot/nutrition,official,,,,,auto,2026-08-15 22:52:22
瑞幸,椰芙佳朵拿铁,椰芙佳朵拿铁,拿铁,,,326.0,,,,,,,,中国,,用户提供表格数据,official://luckin/calories/%E6%A4%B0%E8%8A%99%E4%BD%B3%E6%9C%B5%E6%8B%BF%E9%93%81,official,瑞幸表格数据,1.0,326.0,326.0,spreadsheet_import,2026-08-16T07:01:08+08:00
瑞幸,小苹果茉莉冰奶（超大杯）,小苹果茉莉冰奶（超大杯）,冰奶,,,326.0,,,,,,,,中国,,用户提供表格数据,official://luckin/calories/%E5%B0%8F%E8%8B%B9%E6%9E%9C%E8%8C%89%E8%8E%89%E5%86%B0%E5%A5%B6%EF%BC%88%E8%B6%85%E5%A4%A7%E6%9D%AF%EF%BC%89,official,瑞幸表格数据,1.0,326.0,326.0,spreadsheet_import,2026-08-16T07:01:08+08:00
古茗,莓莓麻薯,莓莓麻薯,其他饮品,中杯,,321.0,,,,,,,图片标注默认中杯、冰、不另外加糖；同名商品采用后图较新数值,中国,,社交媒体数据整理,social://user-images/%E5%8F%A4%E8%8C%97/%E8%8E%93%E8%8E%93%E9%BA%BB%E8%96%AF,social_media,用户提供社交媒体图片,1.0,321.0,321.0,user_provided_social_images,2026-08-16T07:56:37+08:00
Manner,超大杯咸芝士拿铁,超大杯咸芝士拿铁,拿铁,大杯,,320.0,,,,,,,图片标注为大杯、不另外加糖、冰饮标准热量,中国,,社交媒体数据整理,social://user-images/manner/%E8%B6%85%E5%A4%A7%E6%9D%AF%E5%92%B8%E8%8A%9D%E5%A3%AB%E6%8B%BF%E9%93%81,social_media,用户提供社交媒体图片,1.0,320.0,320.0,user_provided_social_images,2026-08-16T08:00:36+08:00
库迪,生酪拿铁,生酪拿铁,奶咖,大杯,15.216325426479788,320.0,,,,,,,图片标注默认不加糖；半糖增加23千卡，全糖增加46千卡；热饮约为冰饮热量的1.2倍,中国,,社交媒体数据整理,social://xiaohongshu/cotti/%E7%94%9F%E9%85%AA%E6%8B%BF%E9%93%81/%E5%A4%A7%E6%9D%AF,social_media,小红书公开图片,1.0,320.0,320.0,user_provided_social_images,2026-08-16T07:01:08+08:00
库迪,潘帕斯蓝生酪茉莉拿铁,潘帕斯蓝生酪茉莉拿铁,奶咖,大杯,15.216325426479788,320.0,,,,,,,图片标注默认不加糖；半糖增加23千卡，全糖增加46千卡；热饮约为冰饮热量的1.2倍,中国,,社交媒体数据整理,social://xiaohongshu/cotti/%E6%BD%98%E5%B8%95%E6%96%AF%E8%93%9D%E7%94%9F%E9%85%AA%E8%8C%89%E8%8E%89%E6%8B%BF%E9%93%81/%E5%A4%A7%E6%9D%AF,social_media,小红书公开图片,1.0,320.0,320.0,user_provided_social_images,2026-08-16T07:01:08+08:00
星巴克,Caramel Protein Latte,焦糖蛋白拿铁,咖啡,Grande 16 fl oz,16.0,320.0,37.0,6.0,27.0,150.0,,,"MILK, CARAMEL SYRUP [SUGAR, WATER, NATURAL FLAVOR, CITRIC ACID, POTASSIUM SORBATE], BREWED ESPRESSO, PROTEIN POWDER [WHEY PROTEIN ISOLATE (MILK), SUNFLOWER LECITHIN]",,,Starbucks Official,https://www.starbucks.com/menu/product/28576/hot/nutrition,official,,,,,seed,2026-08-15 23:02:44
星巴克,Matcha Crème Frappuccino® Blended Beverage,抹茶星冰乐,星冰乐,Grande 16 fl oz,16.0,320.0,45.0,13.0,5.0,65.0,,,"ICE, MILK, CRÈME FRAPPUCCINO SYRUP [SUGAR, WATER, NATURAL FLAVOR, SALT, XANTHAN GUM, POTASSIUM SORBATE, CITRIC ACID], WHIPPED CREAM [CREAM (CREAM, MONO AND DIGLYCERIDES, CARRAGEENAN), VANILLA SYRUP (SUGAR, WATER, NATURAL FLAVORS, POTASSIUM SORBATE, CITRIC ACID)], CLASSIC SYRUP [SUGAR, WATER, NATURAL FLAVORS, POTASSIUM SORBATE, CITRIC ACID], MATCHA [GROUND GREEN TEA]",,,Starbucks Official,https://www.starbucks.com/menu/product/439/iced/nutrition,official,,,,,auto,2026-08-15 23:14:37
古茗,双重芝士抹茶,双重芝士抹茶,茶饮,中杯,,315.0,,,,,,,图片标注默认中杯、冰、不另外加糖；同名商品采用后图较新数值,中国,,社交媒体数据整理,social://user-images/%E5%8F%A4%E8%8C%97/%E5%8F%8C%E9%87%8D%E8%8A%9D%E5%A3%AB%E6%8A%B9%E8%8C%B6,social_media,用户提供社交媒体图片,1.0,315.0,315.0,user_provided_social_images,2026-08-16T07:56:37+08:00
Manner,海盐芝士风味拿铁,海盐芝士风味拿铁,拿铁,大杯,,314.0,,,,,,,图片标注为大杯、不另外加糖、冰饮标准热量,中国,,社交媒体数据整理,social://user-images/manner/%E6%B5%B7%E7%9B%90%E8%8A%9D%E5%A3%AB%E9%A3%8E%E5%91%B3%E6%8B%BF%E9%93%81,social_media,用户提供社交媒体图片,1.0,314.0,314.0,user_provided_social_images,2026-08-16T08:00:36+08:00
库迪,胶原莓果奶昔,胶原莓果奶昔,冰沙甜品,超大杯,19.2740122068744,314.0,,,,,,,图片标注默认不加糖；半糖增加23千卡，全糖增加46千卡；热饮约为冰饮热量的1.2倍,中国,,社交媒体数据整理,social://xiaohongshu/cotti/%E8%83%B6%E5%8E%9F%E8%8E%93%E6%9E%9C%E5%A5%B6%E6%98%94/%E8%B6%85%E5%A4%A7%E6%9D%AF,social_media,小红书公开图片,1.0,314.0,314.0,user_provided_social_images,2026-08-16T07:01:08+08:00
古茗,泰橘糯米酸奶,泰橘糯米酸奶,其他饮品,中杯,,311.0,,,,,,,图片标注默认中杯、冰、不另外加糖；同名商品采用后图较新数值,中国,,社交媒体数据整理,social://user-images/%E5%8F%A4%E8%8C%97/%E6%B3%B0%E6%A9%98%E7%B3%AF%E7%B1%B3%E9%85%B8%E5%A5%B6,social_media,用户提供社交媒体图片,1.0,311.0,311.0,user_provided_social_images,2026-08-16T07:56:37+08:00
Manner,咸芝士可可拿铁,咸芝士可可拿铁,拿铁,大杯,,310.0,,,,,,,图片标注为大杯、不另外加糖、冰饮标准热量,中国,,社交媒体数据整理,social://user-images/manner/%E5%92%B8%E8%8A%9D%E5%A3%AB%E5%8F%AF%E5%8F%AF%E6%8B%BF%E9%93%81,social_media,用户提供社交媒体图片,1.0,310.0,310.0,user_provided_social_images,2026-08-16T08:00:36+08:00
星巴克,Caramel Protein Matcha,焦糖蛋白抹茶,抹茶,Grande 16 fl oz,16.0,310.0,32.0,7.0,28.0,65.0,,,"MILK, CARAMEL SYRUP [SUGAR, WATER, NATURAL FLAVOR, CITRIC ACID, POTASSIUM SORBATE], PROTEIN POWDER [WHEY PROTEIN ISOLATE (MILK), SUNFLOWER LECITHIN], MATCHA [GROUND GREEN TEA]",,,Starbucks Official,https://www.starbucks.com/menu/product/28734/hot/nutrition,official,,,,,auto,2026-08-15 23:02:53
瑞幸,小青桔茉莉冰奶（超大杯）,小青桔茉莉冰奶（超大杯）,冰奶,,,308.0,,,,,,,,中国,,用户提供表格数据,official://luckin/calories/%E5%B0%8F%E9%9D%92%E6%A1%94%E8%8C%89%E8%8E%89%E5%86%B0%E5%A5%B6%EF%BC%88%E8%B6%85%E5%A4%A7%E6%9D%AF%EF%BC%89,official,瑞幸表格数据,1.0,308.0,308.0,spreadsheet_import,2026-08-16T07:01:08+08:00
古茗,芝士多重莓果,芝士多重莓果,果饮,中杯,,307.0,,,,,,,图片标注默认中杯、冰、不另外加糖；同名商品采用后图较新数值,中国,,社交媒体数据整理,social://user-images/%E5%8F%A4%E8%8C%97/%E8%8A%9D%E5%A3%AB%E5%A4%9A%E9%87%8D%E8%8E%93%E6%9E%9C,social_media,用户提供社交媒体图片,1.0,307.0,307.0,user_provided_social_images,2026-08-16T07:56:37+08:00
古茗,马上有米拿铁,马上有米拿铁,咖啡,中杯,,306.0,,,,,,,图片标注默认中杯、冰、不另外加糖；同名商品采用后图较新数值,中国,,社交媒体数据整理,social://user-images/%E5%8F%A4%E8%8C%97/%E9%A9%AC%E4%B8%8A%E6%9C%89%E7%B1%B3%E6%8B%BF%E9%93%81,social_media,用户提供社交媒体图片,1.0,306.0,306.0,user_provided_social_images,2026-08-16T07:56:37+08:00
喜茶,咸酪碎银子,咸酪碎银子,牛乳茶,,,305.0,,,,,,,,中国,,喜茶官方热量数据,official://heytea/calories/%E5%92%B8%E9%85%AA%E7%A2%8E%E9%93%B6%E5%AD%90,official,喜茶官方,1.0,305.0,305.0,official_spreadsheet_import,2026-08-16T06:28:46+08:00
霸王茶姬,月抹静山,月抹静山,果饮,图片默认规格,,304.0,,,,,,,采用图片醒目标出的默认热量,中国,,社交媒体数据整理,social://user-images/%E9%9C%B8%E7%8E%8B%E8%8C%B6%E5%A7%AC/%E6%9C%88%E6%8A%B9%E9%9D%99%E5%B1%B1,social_media,用户提供社交媒体图片,1.0,304.0,304.0,user_provided_social_images,2026-08-16T07:56:37+08:00
古茗,芝士莓莓,芝士莓莓,果饮,中杯,,303.0,,,,,,,图片标注默认中杯、冰、不另外加糖；同名商品采用后图较新数值,中国,,社交媒体数据整理,social://user-images/%E5%8F%A4%E8%8C%97/%E8%8A%9D%E5%A3%AB%E8%8E%93%E8%8E%93,social_media,用户提供社交媒体图片,1.0,303.0,303.0,user_provided_social_images,2026-08-16T07:56:37+08:00
古茗,杨枝甘露轻盈版,杨枝甘露轻盈版,果饮,中杯,,303.0,,,,,,,图片标注默认中杯、冰、不另外加糖；同名商品采用后图较新数值,中国,,社交媒体数据整理,social://user-images/%E5%8F%A4%E8%8C%97/%E6%9D%A8%E6%9E%9D%E7%94%98%E9%9C%B2%E8%BD%BB%E7%9B%88%E7%89%88,social_media,用户提供社交媒体图片,1.0,303.0,303.0,user_provided_social_images,2026-08-16T07:56:37+08:00
库迪,潘帕斯蓝椰拿铁,潘帕斯蓝椰拿铁,奶咖,超大杯,19.2740122068744,303.0,,,,,,,图片标注默认不加糖；半糖增加23千卡，全糖增加46千卡；热饮约为冰饮热量的1.2倍,中国,,社交媒体数据整理,social://xiaohongshu/cotti/%E6%BD%98%E5%B8%95%E6%96%AF%E8%93%9D%E6%A4%B0%E6%8B%BF%E9%93%81/%E8%B6%85%E5%A4%A7%E6%9D%AF,social_media,小红书公开图片,1.0,303.0,303.0,user_provided_social_images,2026-08-16T07:01:08+08:00
库迪,生椰拿铁,生椰拿铁,奶咖,超大杯,19.2740122068744,303.0,,,,,,,图片标注默认不加糖；半糖增加23千卡，全糖增加46千卡；热饮约为冰饮热量的1.2倍,中国,,社交媒体数据整理,social://xiaohongshu/cotti/%E7%94%9F%E6%A4%B0%E6%8B%BF%E9%93%81/%E8%B6%85%E5%A4%A7%E6%9D%AF,social_media,小红书公开图片,1.0,303.0,303.0,user_provided_social_images,2026-08-16T07:01:08+08:00
库迪,小黄油茉香抹茶,小黄油茉香抹茶,奶茶,大杯,15.216325426479788,302.0,,,,,,,图片标注默认不加糖；半糖增加23千卡，全糖增加46千卡；热饮约为冰饮热量的1.2倍,中国,,社交媒体数据整理,social://xiaohongshu/cotti/%E5%B0%8F%E9%BB%84%E6%B2%B9%E8%8C%89%E9%A6%99%E6%8A%B9%E8%8C%B6/%E5%A4%A7%E6%9D%AF,social_media,小红书公开图片,1.0,302.0,302.0,user_provided_social_images,2026-08-16T07:01:08+08:00
古茗,桂花酒酿小丸子,桂花酒酿小丸子,其他饮品,中杯,,301.0,,,,,,,图片标注默认中杯、冰、不另外加糖；同名商品采用后图较新数值,中国,,社交媒体数据整理,social://user-images/%E5%8F%A4%E8%8C%97/%E6%A1%82%E8%8A%B1%E9%85%92%E9%85%BF%E5%B0%8F%E4%B8%B8%E5%AD%90,social_media,用户提供社交媒体图片,1.0,301.0,301.0,user_provided_social_images,2026-08-16T07:56:37+08:00
Manner,提拉米苏拿铁,提拉米苏拿铁,拿铁,大杯,,300.0,,,,,,,图片标注为大杯、不另外加糖、冰饮标准热量,中国,,社交媒体数据整理,social://user-images/manner/%E6%8F%90%E6%8B%89%E7%B1%B3%E8%8B%8F%E6%8B%BF%E9%93%81,social_media,用户提供社交媒体图片,1.0,300.0,300.0,user_provided_social_images,2026-08-16T08:00:36+08:00
古茗,布丁西米露,布丁西米露,其他饮品,中杯,,300.0,,,,,,,图片标注默认中杯、冰、不另外加糖；同名商品采用后图较新数值,中国,,社交媒体数据整理,social://user-images/%E5%8F%A4%E8%8C%97/%E5%B8%83%E4%B8%81%E8%A5%BF%E7%B1%B3%E9%9C%B2,social_media,用户提供社交媒体图片,1.0,300.0,300.0,user_provided_social_images,2026-08-16T07:56:37+08:00
瑞幸,紫葡萄茉莉冰奶（超大杯）,紫葡萄茉莉冰奶（超大杯）,冰奶,,,300.0,,,,,,,,中国,,用户提供表格数据,official://luckin/calories/%E7%B4%AB%E8%91%A1%E8%90%84%E8%8C%89%E8%8E%89%E5%86%B0%E5%A5%B6%EF%BC%88%E8%B6%85%E5%A4%A7%E6%9D%AF%EF%BC%89,official,瑞幸表格数据,1.0,300.0,300.0,spreadsheet_import,2026-08-16T07:01:08+08:00
蜜雪冰城,Pearl Milk Tea,珍珠奶茶,奶茶,,,300.0,,,,,,,,China,,第三方公开网页聚合,https://www.diyilu.com/syjq/2025-11-t7tnZYVBCKN,third_party,diyilu.com,10.0,250.0,360.0,manual_product_list+social_search+public_web,2026-08-16 01:47:41
星巴克,Protein Matcha,蛋白抹茶,抹茶,Grande 16 fl oz,16.0,300.0,30.0,7.0,28.0,75.0,,,"MILK, CLASSIC SYRUP [SUGAR, WATER, NATURAL FLAVORS, POTASSIUM SORBATE, CITRIC ACID], PROTEIN POWDER [WHEY PROTEIN ISOLATE (MILK), SUNFLOWER LECITHIN], MATCHA [GROUND GREEN TEA]",,,Starbucks Official,https://www.starbucks.com/menu/product/28503/hot/nutrition,official,,,,,auto,2026-08-15 23:02:30
库迪,锡兰金杯鸳鸯拿铁,锡兰金杯鸳鸯拿铁,奶咖,大杯,15.216325426479788,297.0,,,,,,,图片标注默认不加糖；半糖增加23千卡，全糖增加46千卡；热饮约为冰饮热量的1.2倍,中国,,社交媒体数据整理,social://xiaohongshu/cotti/%E9%94%A1%E5%85%B0%E9%87%91%E6%9D%AF%E9%B8%B3%E9%B8%AF%E6%8B%BF%E9%93%81/%E5%A4%A7%E6%9D%AF,social_media,小红书公开图片,1.0,297.0,297.0,user_provided_social_images,2026-08-16T07:01:08+08:00
古茗,大叔奶茶,大叔奶茶,奶茶,中杯,,295.0,,,,,,,图片标注默认中杯、冰、不另外加糖；同名商品采用后图较新数值,中国,,社交媒体数据整理,social://user-images/%E5%8F%A4%E8%8C%97/%E5%A4%A7%E5%8F%94%E5%A5%B6%E8%8C%B6,social_media,用户提供社交媒体图片,1.0,295.0,295.0,user_provided_social_images,2026-08-16T07:56:37+08:00
瑞幸,香草丝绒拿铁,香草丝绒拿铁,拿铁,,,293.0,,,,,,,,中国,,用户提供表格数据,official://luckin/calories/%E9%A6%99%E8%8D%89%E4%B8%9D%E7%BB%92%E6%8B%BF%E9%93%81,official,瑞幸表格数据,1.0,293.0,293.0,spreadsheet_import,2026-08-16T07:01:08+08:00
Manner,香蕉风味拿铁,香蕉风味拿铁,拿铁,大杯,,283.0,,,,,,,图片标注为大杯、不另外加糖、冰饮标准热量,中国,,社交媒体数据整理,social://user-images/manner/%E9%A6%99%E8%95%89%E9%A3%8E%E5%91%B3%E6%8B%BF%E9%93%81,social_media,用户提供社交媒体图片,1.0,283.0,283.0,user_provided_social_images,2026-08-16T08:00:36+08:00
古茗,芝士杨梅,芝士杨梅,果饮,中杯,,283.0,,,,,,,图片标注默认中杯、冰、不另外加糖；同名商品采用后图较新数值,中国,,社交媒体数据整理,social://user-images/%E5%8F%A4%E8%8C%97/%E8%8A%9D%E5%A3%AB%E6%9D%A8%E6%A2%85,social_media,用户提供社交媒体图片,1.0,283.0,283.0,user_provided_social_images,2026-08-16T07:56:37+08:00
古茗,生椰拿铁,生椰拿铁,咖啡,中杯,,282.0,,,,,,,图片标注默认中杯、冰、不另外加糖；同名商品采用后图较新数值,中国,,社交媒体数据整理,social://user-images/%E5%8F%A4%E8%8C%97/%E7%94%9F%E6%A4%B0%E6%8B%BF%E9%93%81,social_media,用户提供社交媒体图片,1.0,282.0,282.0,user_provided_social_images,2026-08-16T07:56:37+08:00
库迪,杨枝甘露拿铁,杨枝甘露拿铁,奶咖,超大杯,19.2740122068744,281.0,,,,,,,图片标注默认不加糖；半糖增加23千卡，全糖增加46千卡；热饮约为冰饮热量的1.2倍,中国,,社交媒体数据整理,social://xiaohongshu/cotti/%E6%9D%A8%E6%9E%9D%E7%94%98%E9%9C%B2%E6%8B%BF%E9%93%81/%E8%B6%85%E5%A4%A7%E6%9D%AF,social_media,小红书公开图片,1.0,281.0,281.0,user_provided_social_images,2026-08-16T07:01:08+08:00
古茗,鲜奶拿铁,鲜奶拿铁,咖啡,中杯,,280.0,,,,,,,图片标注默认中杯、冰、不另外加糖；同名商品采用后图较新数值,中国,,社交媒体数据整理,social://user-images/%E5%8F%A4%E8%8C%97/%E9%B2%9C%E5%A5%B6%E6%8B%BF%E9%93%81,social_media,用户提供社交媒体图片,1.0,280.0,280.0,user_provided_social_images,2026-08-16T07:56:37+08:00
古茗,超A芝士桃桃,超A芝士桃桃,果饮,中杯,,279.0,,,,,,,图片标注默认中杯、冰、不另外加糖；同名商品采用后图较新数值,中国,,社交媒体数据整理,social://user-images/%E5%8F%A4%E8%8C%97/%E8%B6%85A%E8%8A%9D%E5%A3%AB%E6%A1%83%E6%A1%83,social_media,用户提供社交媒体图片,1.0,279.0,279.0,user_provided_social_images,2026-08-16T07:56:37+08:00
古茗,超A芝士葡萄,超A芝士葡萄,果饮,中杯,,279.0,,,,,,,图片标注默认中杯、冰、不另外加糖；同名商品采用后图较新数值,中国,,社交媒体数据整理,social://user-images/%E5%8F%A4%E8%8C%97/%E8%B6%85A%E8%8A%9D%E5%A3%AB%E8%91%A1%E8%90%84,social_media,用户提供社交媒体图片,1.0,279.0,279.0,user_provided_social_images,2026-08-16T07:56:37+08:00
库迪,小黄油拿铁,小黄油拿铁,奶咖,大杯,15.216325426479788,279.0,,,,,,,图片标注默认不加糖；半糖增加23千卡，全糖增加46千卡；热饮约为冰饮热量的1.2倍,中国,,社交媒体数据整理,social://xiaohongshu/cotti/%E5%B0%8F%E9%BB%84%E6%B2%B9%E6%8B%BF%E9%93%81/%E5%A4%A7%E6%9D%AF,social_media,小红书公开图片,1.0,279.0,279.0,user_provided_social_images,2026-08-16T07:01:08+08:00
古茗,抹茶四季春,抹茶四季春,茶饮,中杯,,277.0,,,,,,,图片标注默认中杯、冰、不另外加糖；同名商品采用后图较新数值,中国,,社交媒体数据整理,social://user-images/%E5%8F%A4%E8%8C%97/%E6%8A%B9%E8%8C%B6%E5%9B%9B%E5%AD%A3%E6%98%A5,social_media,用户提供社交媒体图片,1.0,277.0,277.0,user_provided_social_images,2026-08-16T07:56:37+08:00
霸王茶姬,归云南·云卷松风,归云南·云卷松风,果饮,图片默认规格,,276.0,,,,,,,采用图片醒目标出的默认热量,中国,,社交媒体数据整理,social://user-images/%E9%9C%B8%E7%8E%8B%E8%8C%B6%E5%A7%AC/%E5%BD%92%E4%BA%91%E5%8D%97%C2%B7%E4%BA%91%E5%8D%B7%E6%9D%BE%E9%A3%8E,social_media,用户提供社交媒体图片,1.0,276.0,276.0,user_provided_social_images,2026-08-16T07:56:37+08:00
古茗,珍珠奶茶,珍珠奶茶,奶茶,中杯,,275.0,,,,,,,图片标注默认中杯、冰、不另外加糖；同名商品采用后图较新数值,中国,,社交媒体数据整理,social://user-images/%E5%8F%A4%E8%8C%97/%E7%8F%8D%E7%8F%A0%E5%A5%B6%E8%8C%B6,social_media,用户提供社交媒体图片,1.0,275.0,275.0,user_provided_social_images,2026-08-16T07:56:37+08:00
古茗,鲜叶糯米酸奶,鲜叶糯米酸奶,其他饮品,中杯,,274.0,,,,,,,图片标注默认中杯、冰、不另外加糖；同名商品采用后图较新数值,中国,,社交媒体数据整理,social://user-images/%E5%8F%A4%E8%8C%97/%E9%B2%9C%E5%8F%B6%E7%B3%AF%E7%B1%B3%E9%85%B8%E5%A5%B6,social_media,用户提供社交媒体图片,1.0,274.0,274.0,user_provided_social_images,2026-08-16T07:56:37+08:00
库迪,杨枝甘露,杨枝甘露,无咖无茶,超大杯,19.2740122068744,274.0,,,,,,,图片标注默认不加糖；半糖增加23千卡，全糖增加46千卡；热饮约为冰饮热量的1.2倍,中国,,社交媒体数据整理,social://xiaohongshu/cotti/%E6%9D%A8%E6%9E%9D%E7%94%98%E9%9C%B2/%E8%B6%85%E5%A4%A7%E6%9D%AF,social_media,小红书公开图片,1.0,274.0,274.0,user_provided_social_images,2026-08-16T07:01:08+08:00
Manner,咸芝士拿铁,咸芝士拿铁,拿铁,大杯,,270.0,,,,,,,图片标注为大杯、不另外加糖、冰饮标准热量,中国,,社交媒体数据整理,social://user-images/manner/%E5%92%B8%E8%8A%9D%E5%A3%AB%E6%8B%BF%E9%93%81,social_media,用户提供社交媒体图片,1.0,270.0,270.0,user_provided_social_images,2026-08-16T08:00:36+08:00
库迪,黑糖波波牛乳,黑糖波波牛乳,无咖无茶,大杯,15.216325426479788,270.0,,,,,,,图片标注默认不加糖；半糖增加23千卡，全糖增加46千卡；热饮约为冰饮热量的1.2倍,中国,,社交媒体数据整理,social://xiaohongshu/cotti/%E9%BB%91%E7%B3%96%E6%B3%A2%E6%B3%A2%E7%89%9B%E4%B9%B3/%E5%A4%A7%E6%9D%AF,social_media,小红书公开图片,1.0,270.0,270.0,user_provided_social_images,2026-08-16T07:01:08+08:00
库迪,黑糖波波轻乳茶,黑糖波波轻乳茶,奶茶,大杯,15.216325426479788,270.0,,,,,,,图片标注默认不加糖；半糖增加23千卡，全糖增加46千卡；热饮约为冰饮热量的1.2倍,中国,,社交媒体数据整理,social://xiaohongshu/cotti/%E9%BB%91%E7%B3%96%E6%B3%A2%E6%B3%A2%E8%BD%BB%E4%B9%B3%E8%8C%B6/%E5%A4%A7%E6%9D%AF,social_media,小红书公开图片,1.0,270.0,270.0,user_provided_social_images,2026-08-16T07:01:08+08:00
库迪,黑糖波波牛乳茶,黑糖波波牛乳茶,奶茶,大杯,15.216325426479788,270.0,,,,,,,图片标注默认不加糖；半糖增加23千卡，全糖增加46千卡；热饮约为冰饮热量的1.2倍,中国,,社交媒体数据整理,social://xiaohongshu/cotti/%E9%BB%91%E7%B3%96%E6%B3%A2%E6%B3%A2%E7%89%9B%E4%B9%B3%E8%8C%B6/%E5%A4%A7%E6%9D%AF,social_media,小红书公开图片,1.0,270.0,270.0,user_provided_social_images,2026-08-16T07:01:08+08:00
库迪,卡布奇诺,卡布奇诺,经典咖啡,大杯,15.216325426479788,270.0,,,,,,,图片标注默认不加糖；半糖增加23千卡，全糖增加46千卡；热饮约为冰饮热量的1.2倍,中国,,社交媒体数据整理,social://xiaohongshu/cotti/%E5%8D%A1%E5%B8%83%E5%A5%87%E8%AF%BA/%E5%A4%A7%E6%9D%AF,social_media,小红书公开图片,1.0,270.0,270.0,user_provided_social_images,2026-08-16T07:01:08+08:00
瑞幸,丝绒拿铁,丝绒拿铁,拿铁,,,270.0,,,,,,,,中国,,用户提供表格数据,official://luckin/calories/%E4%B8%9D%E7%BB%92%E6%8B%BF%E9%93%81,official,瑞幸表格数据,1.0,270.0,270.0,spreadsheet_import,2026-08-16T07:01:08+08:00
星巴克,Iced Vanilla Protein Latte,冰香草蛋白拿铁,咖啡,Grande 16 fl oz,16.0,270.0,29.0,4.0,29.0,150.0,,,"ICE, MILK, VANILLA SYRUP [SUGAR, WATER, NATURAL FLAVORS, POTASSIUM SORBATE, CITRIC ACID], BREWED ESPRESSO, PROTEIN POWDER [WHEY PROTEIN ISOLATE (MILK), SUNFLOWER LECITHIN]",,,Starbucks Official,https://www.starbucks.com/menu/product/28498/iced/nutrition,official,,,,,seed,2026-08-15 23:02:20
星巴克,Iced Caramel Protein Matcha,冰焦糖蛋白抹茶,抹茶,Grande 16 fl oz,16.0,270.0,24.0,4.5,31.0,65.0,,,"MILK, ICE, PROTEIN POWDER [WHEY PROTEIN ISOLATE (MILK), SUNFLOWER LECITHIN], CARAMEL SYRUP [SUGAR, WATER, NATURAL FLAVOR, CITRIC ACID, POTASSIUM SORBATE], MATCHA [GROUND GREEN TEA]",,,Starbucks Official,https://www.starbucks.com/menu/product/28731/iced/nutrition,official,,,,,auto,2026-08-15 23:02:49
库迪,活荔芝云库可冰,活荔芝云库可冰,冰沙甜品,超大杯,19.2740122068744,269.0,,,,,,,图片标注默认不加糖；半糖增加23千卡，全糖增加46千卡；热饮约为冰饮热量的1.2倍,中国,,社交媒体数据整理,social://xiaohongshu/cotti/%E6%B4%BB%E8%8D%94%E8%8A%9D%E4%BA%91%E5%BA%93%E5%8F%AF%E5%86%B0/%E8%B6%85%E5%A4%A7%E6%9D%AF,social_media,小红书公开图片,1.0,269.0,269.0,user_provided_social_images,2026-08-16T07:01:08+08:00
库迪,纯粹燕麦拿铁,纯粹燕麦拿铁,奶咖,超大杯,19.2740122068744,264.0,,,,,,,图片标注默认不加糖；半糖增加23千卡，全糖增加46千卡；热饮约为冰饮热量的1.2倍,中国,,社交媒体数据整理,social://xiaohongshu/cotti/%E7%BA%AF%E7%B2%B9%E7%87%95%E9%BA%A6%E6%8B%BF%E9%93%81/%E8%B6%85%E5%A4%A7%E6%9D%AF,social_media,小红书公开图片,1.0,264.0,264.0,user_provided_social_images,2026-08-16T07:01:08+08:00
库迪,醇香牛奶,醇香牛奶,无咖无茶,超大杯,19.2740122068744,263.0,,,,,,,图片标注默认不加糖；半糖增加23千卡，全糖增加46千卡；热饮约为冰饮热量的1.2倍,中国,,社交媒体数据整理,social://xiaohongshu/cotti/%E9%86%87%E9%A6%99%E7%89%9B%E5%A5%B6/%E8%B6%85%E5%A4%A7%E6%9D%AF,social_media,小红书公开图片,1.0,263.0,263.0,user_provided_social_images,2026-08-16T07:01:08+08:00
Manner,淡黄油风味拿铁,淡黄油风味拿铁,拿铁,大杯,,261.0,,,,,,,图片标注为大杯、不另外加糖、冰饮标准热量,中国,,社交媒体数据整理,social://user-images/manner/%E6%B7%A1%E9%BB%84%E6%B2%B9%E9%A3%8E%E5%91%B3%E6%8B%BF%E9%93%81,social_media,用户提供社交媒体图片,1.0,261.0,261.0,user_provided_social_images,2026-08-16T08:00:36+08:00
Manner,白脱拿铁,白脱拿铁,拿铁,大杯,,260.0,,,,,,,图片标注为大杯、不另外加糖、冰饮标准热量,中国,,社交媒体数据整理,social://user-images/manner/%E7%99%BD%E8%84%B1%E6%8B%BF%E9%93%81,social_media,用户提供社交媒体图片,1.0,260.0,260.0,user_provided_social_images,2026-08-16T08:00:36+08:00
星巴克,Iced Protein Matcha,冰蛋白抹茶,抹茶,Grande 16 fl oz,16.0,260.0,23.0,4.5,31.0,65.0,,,"MILK, ICE, PROTEIN POWDER [WHEY PROTEIN ISOLATE (MILK), SUNFLOWER LECITHIN], CLASSIC SYRUP [SUGAR, WATER, NATURAL FLAVORS, POTASSIUM SORBATE, CITRIC ACID], MATCHA [GROUND GREEN TEA]",,,Starbucks Official,https://www.starbucks.com/menu/product/28502/iced/nutrition,official,,,,,auto,2026-08-15 23:02:25
星巴克,Cold Milk,冰牛奶,其他饮品,Grande 16 fl oz,16.0,260.0,25.0,10.0,17.0,0.0,,,Milk.,,,Starbucks Official,https://www.starbucks.com/menu/product/490/iced/nutrition,official,,,,,auto,2026-08-15 23:15:23
古茗,咸乳酪泰奶,咸乳酪泰奶,奶茶,中杯,,259.0,,,,,,,图片标注默认中杯、冰、不另外加糖；同名商品采用后图较新数值,中国,,社交媒体数据整理,social://user-images/%E5%8F%A4%E8%8C%97/%E5%92%B8%E4%B9%B3%E9%85%AA%E6%B3%B0%E5%A5%B6,social_media,用户提供社交媒体图片,1.0,259.0,259.0,user_provided_social_images,2026-08-16T07:56:37+08:00
古茗,招牌布丁奶茶,招牌布丁奶茶,奶茶,中杯,,259.0,,,,,,,图片标注默认中杯、冰、不另外加糖；同名商品采用后图较新数值,中国,,社交媒体数据整理,social://user-images/%E5%8F%A4%E8%8C%97/%E6%8B%9B%E7%89%8C%E5%B8%83%E4%B8%81%E5%A5%B6%E8%8C%B6,social_media,用户提供社交媒体图片,1.0,259.0,259.0,user_provided_social_images,2026-08-16T07:56:37+08:00
库迪,生椰拿铁库可冰,生椰拿铁库可冰,冰沙甜品,超大杯,19.2740122068744,257.0,,,,,,,图片标注默认不加糖；半糖增加23千卡，全糖增加46千卡；热饮约为冰饮热量的1.2倍,中国,,社交媒体数据整理,social://xiaohongshu/cotti/%E7%94%9F%E6%A4%B0%E6%8B%BF%E9%93%81%E5%BA%93%E5%8F%AF%E5%86%B0/%E8%B6%85%E5%A4%A7%E6%9D%AF,social_media,小红书公开图片,1.0,257.0,257.0,user_provided_social_images,2026-08-16T07:01:08+08:00
库迪,鲜气杨梅燕麦奶昔,鲜气杨梅燕麦奶昔,冰沙甜品,超大杯,19.2740122068744,257.0,,,,,,,图片标注默认不加糖；半糖增加23千卡，全糖增加46千卡；热饮约为冰饮热量的1.2倍,中国,,社交媒体数据整理,social://xiaohongshu/cotti/%E9%B2%9C%E6%B0%94%E6%9D%A8%E6%A2%85%E7%87%95%E9%BA%A6%E5%A5%B6%E6%98%94/%E8%B6%85%E5%A4%A7%E6%9D%AF,social_media,小红书公开图片,1.0,257.0,257.0,user_provided_social_images,2026-08-16T07:01:08+08:00
库迪,生椰拿铁（轻盈版）,生椰拿铁（轻盈版）,奶咖,超大杯,19.2740122068744,257.0,,,,,,,图片标注默认不加糖；半糖增加23千卡，全糖增加46千卡；热饮约为冰饮热量的1.2倍,中国,,社交媒体数据整理,social://xiaohongshu/cotti/%E7%94%9F%E6%A4%B0%E6%8B%BF%E9%93%81%EF%BC%88%E8%BD%BB%E7%9B%88%E7%89%88%EF%BC%89/%E8%B6%85%E5%A4%A7%E6%9D%AF,social_media,小红书公开图片,1.0,257.0,257.0,user_provided_social_images,2026-08-16T07:01:08+08:00
Manner,桂花风味拿铁,桂花风味拿铁,拿铁,大杯,,255.0,,,,,,,图片标注为大杯、不另外加糖、冰饮标准热量,中国,,社交媒体数据整理,social://user-images/manner/%E6%A1%82%E8%8A%B1%E9%A3%8E%E5%91%B3%E6%8B%BF%E9%93%81,social_media,用户提供社交媒体图片,1.0,255.0,255.0,user_provided_social_images,2026-08-16T08:00:36+08:00
瑞幸,大西瓜茉莉冰奶（超大杯）,大西瓜茉莉冰奶（超大杯）,冰奶,,,255.0,,,,,,,,中国,,用户提供表格数据,official://luckin/calories/%E5%A4%A7%E8%A5%BF%E7%93%9C%E8%8C%89%E8%8E%89%E5%86%B0%E5%A5%B6%EF%BC%88%E8%B6%85%E5%A4%A7%E6%9D%AF%EF%BC%89,official,瑞幸表格数据,1.0,255.0,255.0,spreadsheet_import,2026-08-16T07:01:08+08:00
喜茶,碎银子牛乳茶,碎银子牛乳茶,牛乳茶,,,255.0,,,,,,,,中国,,喜茶官方热量数据,official://heytea/calories/%E7%A2%8E%E9%93%B6%E5%AD%90%E7%89%9B%E4%B9%B3%E8%8C%B6,official,喜茶官方,1.0,255.0,255.0,official_spreadsheet_import,2026-08-16T06:28:46+08:00
喜茶,嫣红牛乳茶,嫣红牛乳茶,牛乳茶,,,255.0,,,,,,,,中国,,喜茶官方热量数据,official://heytea/calories/%E5%AB%A3%E7%BA%A2%E7%89%9B%E4%B9%B3%E8%8C%B6,official,喜茶官方,1.0,255.0,255.0,official_spreadsheet_import,2026-08-16T06:28:46+08:00
库迪,潘帕斯蓝燕麦拿铁,潘帕斯蓝燕麦拿铁,奶咖,超大杯,19.2740122068744,253.0,,,,,,,图片标注默认不加糖；半糖增加23千卡，全糖增加46千卡；热饮约为冰饮热量的1.2倍,中国,,社交媒体数据整理,social://xiaohongshu/cotti/%E6%BD%98%E5%B8%95%E6%96%AF%E8%93%9D%E7%87%95%E9%BA%A6%E6%8B%BF%E9%93%81/%E8%B6%85%E5%A4%A7%E6%9D%AF,social_media,小红书公开图片,1.0,253.0,253.0,user_provided_social_images,2026-08-16T07:01:08+08:00
Manner,清橙芝士拿铁,清橙芝士拿铁,拿铁,大杯,,250.0,,,,,,,图片标注为大杯、不另外加糖、冰饮标准热量,中国,,社交媒体数据整理,social://user-images/manner/%E6%B8%85%E6%A9%99%E8%8A%9D%E5%A3%AB%E6%8B%BF%E9%93%81,social_media,用户提供社交媒体图片,1.0,250.0,250.0,user_provided_social_images,2026-08-16T08:00:36+08:00
星巴克,Starbucks® Blonde Vanilla Latte,金烘焙香草拿铁,咖啡,Grande 16 fl oz,16.0,250.0,35.0,6.0,12.0,170.0,,,"MILK, BREWED ESPRESSO, VANILLA SYRUP [SUGAR, WATER, NATURAL FLAVORS, POTASSIUM SORBATE, CITRIC ACID]",,,Starbucks Official,https://www.starbucks.com/menu/product/2122164/hot/nutrition,official,,,,,seed,2026-08-15 22:51:47
星巴克,Caramel Macchiato,焦糖玛奇朵,咖啡,Grande 16 fl oz,16.0,250.0,33.0,7.0,10.0,150.0,,,"Milk, Brewed Espresso, Vanilla Syrup [Sugar, Water, Natural Flavors, Potassium Sorbate, Citric Acid], Caramel Sauce [Sugar, Corn Syrup, Butter (Cream (Milk), Salt), Water, Heavy Cream, Nonfat Dry Milk, Natural Flavors, Salt, Mono & Diglycerides, Soy Lecithin, Sulfites]",,,Starbucks Official,https://www.starbucks.com/menu/product/413/hot/nutrition,official,,,,,seed,2026-08-15 23:14:23
库迪,生酪拿铁,生酪拿铁,奶咖,中杯,11.834919776150945,249.0,,,,,,,图片标注默认不加糖；半糖增加23千卡，全糖增加46千卡；热饮约为冰饮热量的1.2倍,中国,,社交媒体数据整理,social://xiaohongshu/cotti/%E7%94%9F%E9%85%AA%E6%8B%BF%E9%93%81/%E4%B8%AD%E6%9D%AF,social_media,小红书公开图片,1.0,249.0,249.0,user_provided_social_images,2026-08-16T07:01:08+08:00
库迪,潘帕斯蓝生酪茉莉拿铁,潘帕斯蓝生酪茉莉拿铁,奶咖,中杯,11.834919776150945,249.0,,,,,,,图片标注默认不加糖；半糖增加23千卡，全糖增加46千卡；热饮约为冰饮热量的1.2倍,中国,,社交媒体数据整理,social://xiaohongshu/cotti/%E6%BD%98%E5%B8%95%E6%96%AF%E8%93%9D%E7%94%9F%E9%85%AA%E8%8C%89%E8%8E%89%E6%8B%BF%E9%93%81/%E4%B8%AD%E6%9D%AF,social_media,小红书公开图片,1.0,249.0,249.0,user_provided_social_images,2026-08-16T07:01:08+08:00
库迪,胶原莓果奶昔,胶原莓果奶昔,冰沙甜品,大杯,15.216325426479788,248.0,,,,,,,图片标注默认不加糖；半糖增加23千卡，全糖增加46千卡；热饮约为冰饮热量的1.2倍,中国,,社交媒体数据整理,social://xiaohongshu/cotti/%E8%83%B6%E5%8E%9F%E8%8E%93%E6%9E%9C%E5%A5%B6%E6%98%94/%E5%A4%A7%E6%9D%AF,social_media,小红书公开图片,1.0,248.0,248.0,user_provided_social_images,2026-08-16T07:01:08+08:00
库迪,潘帕斯蓝椰拿铁,潘帕斯蓝椰拿铁,奶咖,大杯,15.216325426479788,248.0,,,,,,,图片标注默认不加糖；半糖增加23千卡，全糖增加46千卡；热饮约为冰饮热量的1.2倍,中国,,社交媒体数据整理,social://xiaohongshu/cotti/%E6%BD%98%E5%B8%95%E6%96%AF%E8%93%9D%E6%A4%B0%E6%8B%BF%E9%93%81/%E5%A4%A7%E6%9D%AF,social_media,小红书公开图片,1.0,248.0,248.0,user_provided_social_images,2026-08-16T07:01:08+08:00
Manner,烤坚果拿铁,烤坚果拿铁,拿铁,大杯,,247.0,,,,,,,图片标注为大杯、不另外加糖、冰饮标准热量,中国,,社交媒体数据整理,social://user-images/manner/%E7%83%A4%E5%9D%9A%E6%9E%9C%E6%8B%BF%E9%93%81,social_media,用户提供社交媒体图片,1.0,247.0,247.0,user_provided_social_images,2026-08-16T08:00:36+08:00
喜茶,芝芝多肉芒芒,芝芝多肉芒芒,果茶,,,247.0,,,,,,,,中国,,喜茶官方热量数据,official://heytea/calories/%E8%8A%9D%E8%8A%9D%E5%A4%9A%E8%82%89%E8%8A%92%E8%8A%92,official,喜茶官方,1.0,247.0,247.0,official_spreadsheet_import,2026-08-16T06:28:46+08:00
瑞幸,小苹果茉莉冰奶,小苹果茉莉冰奶,冰奶,,,242.0,,,,,,,,中国,,用户提供表格数据,official://luckin/calories/%E5%B0%8F%E8%8B%B9%E6%9E%9C%E8%8C%89%E8%8E%89%E5%86%B0%E5%A5%B6,official,瑞幸表格数据,1.0,242.0,242.0,spreadsheet_import,2026-08-16T07:01:08+08:00
瑞幸,紫葡萄茉莉冰奶,紫葡萄茉莉冰奶,冰奶,,,241.0,,,,,,,,中国,,用户提供表格数据,official://luckin/calories/%E7%B4%AB%E8%91%A1%E8%90%84%E8%8C%89%E8%8E%89%E5%86%B0%E5%A5%B6,official,瑞幸表格数据,1.0,241.0,241.0,spreadsheet_import,2026-08-16T07:01:08+08:00
霸王茶姬,芒果云顶大红袍,芒果云顶大红袍,果饮,图片默认规格,,240.0,,,,,,,采用图片醒目标出的默认热量,中国,,社交媒体数据整理,social://user-images/%E9%9C%B8%E7%8E%8B%E8%8C%B6%E5%A7%AC/%E8%8A%92%E6%9E%9C%E4%BA%91%E9%A1%B6%E5%A4%A7%E7%BA%A2%E8%A2%8D,social_media,用户提供社交媒体图片,1.0,240.0,240.0,user_provided_social_images,2026-08-16T07:56:37+08:00
星巴克,Sugar-Free Vanilla Protein Matcha,无糖香草蛋白抹茶,抹茶,Grande 16 fl oz,16.0,240.0,16.0,7.0,28.0,75.0,,,"MILK, SUGAR FREE VANILLA SYRUP [WATER, NATURAL FLAVOR, MALTODEXTRIN, CITRIC ACID, XANTHAN GUM, SUCRALOSE, POTASSIUM SORBATE], WHEY PROTEIN ISOLATE [MILK], SUNFLOWER LECITHIN. MATCHA [GROUND GREEN TEA]",,,Starbucks Official,https://www.starbucks.com/menu/product/28505/hot/nutrition,official,,,,,auto,2026-08-15 23:02:39
库迪,生椰拿铁,生椰拿铁,奶咖,大杯,15.216325426479788,239.0,,,,,,,图片标注默认不加糖；半糖增加23千卡，全糖增加46千卡；热饮约为冰饮热量的1.2倍,中国,,社交媒体数据整理,social://xiaohongshu/cotti/%E7%94%9F%E6%A4%B0%E6%8B%BF%E9%93%81/%E5%A4%A7%E6%9D%AF,social_media,小红书公开图片,1.0,239.0,239.0,user_provided_social_images,2026-08-16T07:01:08+08:00
Manner,橘皮风味拿铁,橘皮风味拿铁,拿铁,大杯,,236.0,,,,,,,图片标注为大杯、不另外加糖、冰饮标准热量,中国,,社交媒体数据整理,social://user-images/manner/%E6%A9%98%E7%9A%AE%E9%A3%8E%E5%91%B3%E6%8B%BF%E9%93%81,social_media,用户提供社交媒体图片,1.0,236.0,236.0,user_provided_social_images,2026-08-16T08:00:36+08:00
库迪,小黄油茉香抹茶,小黄油茉香抹茶,奶茶,中杯,11.834919776150945,235.0,,,,,,,图片标注默认不加糖；半糖增加23千卡，全糖增加46千卡；热饮约为冰饮热量的1.2倍,中国,,社交媒体数据整理,social://xiaohongshu/cotti/%E5%B0%8F%E9%BB%84%E6%B2%B9%E8%8C%89%E9%A6%99%E6%8A%B9%E8%8C%B6/%E4%B8%AD%E6%9D%AF,social_media,小红书公开图片,1.0,235.0,235.0,user_provided_social_images,2026-08-16T07:01:08+08:00
瑞幸,生椰杨枝甘露（特大杯）,生椰杨枝甘露（特大杯）,抹茶,,,235.0,,,,,,,,中国,,用户提供表格数据,official://luckin/calories/%E7%94%9F%E6%A4%B0%E6%9D%A8%E6%9E%9D%E7%94%98%E9%9C%B2%EF%BC%88%E7%89%B9%E5%A4%A7%E6%9D%AF%EF%BC%89,official,瑞幸表格数据,1.0,235.0,235.0,spreadsheet_import,2026-08-16T07:01:08+08:00
库迪,锡兰金杯鸳鸯拿铁,锡兰金杯鸳鸯拿铁,奶咖,中杯,11.834919776150945,231.0,,,,,,,图片标注默认不加糖；半糖增加23千卡，全糖增加46千卡；热饮约为冰饮热量的1.2倍,中国,,社交媒体数据整理,social://xiaohongshu/cotti/%E9%94%A1%E5%85%B0%E9%87%91%E6%9D%AF%E9%B8%B3%E9%B8%AF%E6%8B%BF%E9%93%81/%E4%B8%AD%E6%9D%AF,social_media,小红书公开图片,1.0,231.0,231.0,user_provided_social_images,2026-08-16T07:01:08+08:00
库迪,杨枝甘露拿铁,杨枝甘露拿铁,奶咖,大杯,15.216325426479788,230.0,,,,,,,图片标注默认不加糖；半糖增加23千卡，全糖增加46千卡；热饮约为冰饮热量的1.2倍,中国,,社交媒体数据整理,social://xiaohongshu/cotti/%E6%9D%A8%E6%9E%9D%E7%94%98%E9%9C%B2%E6%8B%BF%E9%93%81/%E5%A4%A7%E6%9D%AF,social_media,小红书公开图片,1.0,230.0,230.0,user_provided_social_images,2026-08-16T07:01:08+08:00
瑞幸,生椰丝绒拿铁,生椰丝绒拿铁,拿铁,,,230.0,,,,,,,,中国,,用户提供表格数据,official://luckin/calories/%E7%94%9F%E6%A4%B0%E4%B8%9D%E7%BB%92%E6%8B%BF%E9%93%81,official,瑞幸表格数据,1.0,230.0,230.0,spreadsheet_import,2026-08-16T07:01:08+08:00
星巴克,Coffee Frappuccino® Blended Beverage,咖啡星冰乐,星冰乐,Grande 16 fl oz,16.0,230.0,45.0,3.0,3.0,95.0,,,"Ice, Milk, Coffee Frappuccino Syrup [Sugar, Water, Natural Flavor, Salt, Xanthan Gum, Potassium Sorbate, Citric Acid], Coffee.",,,Starbucks Official,https://www.starbucks.com/menu/product/483/iced/nutrition,official,,,,,seed,2026-08-15 23:15:19
库迪,柚杏美式,柚杏美式,果咖,超大杯,19.2740122068744,228.0,,,,,,,图片标注默认不加糖；半糖增加23千卡，全糖增加46千卡；热饮约为冰饮热量的1.2倍,中国,,社交媒体数据整理,social://xiaohongshu/cotti/%E6%9F%9A%E6%9D%8F%E7%BE%8E%E5%BC%8F/%E8%B6%85%E5%A4%A7%E6%9D%AF,social_media,小红书公开图片,1.0,228.0,228.0,user_provided_social_images,2026-08-16T07:01:08+08:00
喜茶,芝芝多肉葡萄,芝芝多肉葡萄,果茶,,,228.0,,,,,,,,中国,,喜茶官方热量数据,official://heytea/calories/%E8%8A%9D%E8%8A%9D%E5%A4%9A%E8%82%89%E8%91%A1%E8%90%84,official,喜茶官方,1.0,228.0,228.0,official_spreadsheet_import,2026-08-16T06:28:46+08:00
库迪,风味经典拿铁（香草）,风味经典拿铁（香草）,经典咖啡,超大杯,19.2740122068744,226.0,,,,,,,图片标注默认不加糖；半糖增加23千卡，全糖增加46千卡；热饮约为冰饮热量的1.2倍,中国,,社交媒体数据整理,social://xiaohongshu/cotti/%E9%A3%8E%E5%91%B3%E7%BB%8F%E5%85%B8%E6%8B%BF%E9%93%81%EF%BC%88%E9%A6%99%E8%8D%89%EF%BC%89/%E8%B6%85%E5%A4%A7%E6%9D%AF,social_media,小红书公开图片,1.0,226.0,226.0,user_provided_social_images,2026-08-16T07:01:08+08:00
库迪,流云拿铁,流云拿铁,奶咖,大杯,15.216325426479788,225.0,,,,,,,图片标注默认不加糖；半糖增加23千卡，全糖增加46千卡；热饮约为冰饮热量的1.2倍,中国,,社交媒体数据整理,social://xiaohongshu/cotti/%E6%B5%81%E4%BA%91%E6%8B%BF%E9%93%81/%E5%A4%A7%E6%9D%AF,social_media,小红书公开图片,1.0,225.0,225.0,user_provided_social_images,2026-08-16T07:01:08+08:00
古茗,全冰有米美式,全冰有米美式,咖啡,中杯,,224.0,,,,,,,图片标注默认中杯、冰、不另外加糖；同名商品采用后图较新数值,中国,,社交媒体数据整理,social://user-images/%E5%8F%A4%E8%8C%97/%E5%85%A8%E5%86%B0%E6%9C%89%E7%B1%B3%E7%BE%8E%E5%BC%8F,social_media,用户提供社交媒体图片,1.0,224.0,224.0,user_provided_social_images,2026-08-16T07:56:37+08:00
霸王茶姬,归云南·云焦卡美罗,归云南·云焦卡美罗,果饮,图片默认规格,,224.0,,,,,,,采用图片醒目标出的默认热量,中国,,社交媒体数据整理,social://user-images/%E9%9C%B8%E7%8E%8B%E8%8C%B6%E5%A7%AC/%E5%BD%92%E4%BA%91%E5%8D%97%C2%B7%E4%BA%91%E7%84%A6%E5%8D%A1%E7%BE%8E%E7%BD%97,social_media,用户提供社交媒体图片,1.0,224.0,224.0,user_provided_social_images,2026-08-16T07:56:37+08:00
库迪,杏皮气泡冰萃,杏皮气泡冰萃,果咖,超大杯,19.2740122068744,223.0,,,,,,,图片标注默认不加糖；半糖增加23千卡，全糖增加46千卡；热饮约为冰饮热量的1.2倍,中国,,社交媒体数据整理,social://xiaohongshu/cotti/%E6%9D%8F%E7%9A%AE%E6%B0%94%E6%B3%A1%E5%86%B0%E8%90%83/%E8%B6%85%E5%A4%A7%E6%9D%AF,social_media,小红书公开图片,1.0,223.0,223.0,user_provided_social_images,2026-08-16T07:01:08+08:00
瑞幸,小青桔茉莉冰奶,小青桔茉莉冰奶,冰奶,,,222.0,,,,,,,,中国,,用户提供表格数据,official://luckin/calories/%E5%B0%8F%E9%9D%92%E6%A1%94%E8%8C%89%E8%8E%89%E5%86%B0%E5%A5%B6,official,瑞幸表格数据,1.0,222.0,222.0,spreadsheet_import,2026-08-16T07:01:08+08:00
Manner,抹茶芝士拿铁,抹茶芝士拿铁,抹茶,大杯,,220.0,,,,,,,图片标注为大杯、不另外加糖、冰饮标准热量,中国,,社交媒体数据整理,social://user-images/manner/%E6%8A%B9%E8%8C%B6%E8%8A%9D%E5%A3%AB%E6%8B%BF%E9%93%81,social_media,用户提供社交媒体图片,1.0,220.0,220.0,user_provided_social_images,2026-08-16T08:00:36+08:00
Manner,超大杯拿铁,超大杯拿铁,拿铁,大杯,,220.0,,,,,,,图片标注为大杯、不另外加糖、冰饮标准热量,中国,,社交媒体数据整理,social://user-images/manner/%E8%B6%85%E5%A4%A7%E6%9D%AF%E6%8B%BF%E9%93%81,social_media,用户提供社交媒体图片,1.0,220.0,220.0,user_provided_social_images,2026-08-16T08:00:36+08:00
瑞幸,焦糖玛奇朵,焦糖玛奇朵,拿铁,,,220.0,,,,,,,,中国,,用户提供表格数据,official://luckin/calories/%E7%84%A6%E7%B3%96%E7%8E%9B%E5%A5%87%E6%9C%B5,official,瑞幸表格数据,1.0,220.0,220.0,spreadsheet_import,2026-08-16T07:01:08+08:00
喜茶,茉王网纹瓜,茉王网纹瓜,果茶,,,220.0,,,,,,,,中国,,喜茶官方热量数据,official://heytea/calories/%E8%8C%89%E7%8E%8B%E7%BD%91%E7%BA%B9%E7%93%9C,official,喜茶官方,1.0,220.0,220.0,official_spreadsheet_import,2026-08-16T06:28:46+08:00
星巴克,Matcha Latte,抹茶拿铁,咖啡,Grande 16 fl oz,16.0,220.0,29.0,6.0,11.0,65.0,,,"MILK, CLASSIC SYRUP [SUGAR, WATER, NATURAL FLAVORS, POTASSIUM SORBATE, CITRIC ACID], MATCHA [GROUND GREEN TEA]",,,Starbucks Official,https://www.starbucks.com/menu/product/468/hot/nutrition,official,,,,,auto,2026-08-15 23:15:02
库迪,小黄油拿铁,小黄油拿铁,奶咖,中杯,11.834919776150945,217.0,,,,,,,图片标注默认不加糖；半糖增加23千卡，全糖增加46千卡；热饮约为冰饮热量的1.2倍,中国,,社交媒体数据整理,social://xiaohongshu/cotti/%E5%B0%8F%E9%BB%84%E6%B2%B9%E6%8B%BF%E9%93%81/%E4%B8%AD%E6%9D%AF,social_media,小红书公开图片,1.0,217.0,217.0,user_provided_social_images,2026-08-16T07:01:08+08:00
库迪,活荔芝云库可冰,活荔芝云库可冰,冰沙甜品,大杯,15.216325426479788,216.0,,,,,,,图片标注默认不加糖；半糖增加23千卡，全糖增加46千卡；热饮约为冰饮热量的1.2倍,中国,,社交媒体数据整理,social://xiaohongshu/cotti/%E6%B4%BB%E8%8D%94%E8%8A%9D%E4%BA%91%E5%BA%93%E5%8F%AF%E5%86%B0/%E5%A4%A7%E6%9D%AF,social_media,小红书公开图片,1.0,216.0,216.0,user_provided_social_images,2026-08-16T07:01:08+08:00
库迪,杨枝甘露,杨枝甘露,无咖无茶,大杯,15.216325426479788,216.0,,,,,,,图片标注默认不加糖；半糖增加23千卡，全糖增加46千卡；热饮约为冰饮热量的1.2倍,中国,,社交媒体数据整理,social://xiaohongshu/cotti/%E6%9D%A8%E6%9E%9D%E7%94%98%E9%9C%B2/%E5%A4%A7%E6%9D%AF,social_media,小红书公开图片,1.0,216.0,216.0,user_provided_social_images,2026-08-16T07:01:08+08:00
库迪,海盐焦糖丝滑拿铁,海盐焦糖丝滑拿铁,奶咖,大杯,15.216325426479788,216.0,,,,,,,图片标注默认不加糖；半糖增加23千卡，全糖增加46千卡；热饮约为冰饮热量的1.2倍,中国,,社交媒体数据整理,social://xiaohongshu/cotti/%E6%B5%B7%E7%9B%90%E7%84%A6%E7%B3%96%E4%B8%9D%E6%BB%91%E6%8B%BF%E9%93%81/%E5%A4%A7%E6%9D%AF,social_media,小红书公开图片,1.0,216.0,216.0,user_provided_social_images,2026-08-16T07:01:08+08:00
库迪,纯粹燕麦拿铁,纯粹燕麦拿铁,奶咖,大杯,15.216325426479788,216.0,,,,,,,图片标注默认不加糖；半糖增加23千卡，全糖增加46千卡；热饮约为冰饮热量的1.2倍,中国,,社交媒体数据整理,social://xiaohongshu/cotti/%E7%BA%AF%E7%B2%B9%E7%87%95%E9%BA%A6%E6%8B%BF%E9%93%81/%E5%A4%A7%E6%9D%AF,social_media,小红书公开图片,1.0,216.0,216.0,user_provided_social_images,2026-08-16T07:01:08+08:00
古茗,杨梅凤梨冰,杨梅凤梨冰,果饮,中杯,,215.0,,,,,,,图片标注默认中杯、冰、不另外加糖；同名商品采用后图较新数值,中国,,社交媒体数据整理,social://user-images/%E5%8F%A4%E8%8C%97/%E6%9D%A8%E6%A2%85%E5%87%A4%E6%A2%A8%E5%86%B0,social_media,用户提供社交媒体图片,1.0,215.0,215.0,user_provided_social_images,2026-08-16T07:56:37+08:00
喜茶,芒芒甘露,芒芒甘露,果茶,,,215.0,,,,,,,,中国,,喜茶官方热量数据,official://heytea/calories/%E8%8A%92%E8%8A%92%E7%94%98%E9%9C%B2,official,喜茶官方,1.0,215.0,215.0,official_spreadsheet_import,2026-08-16T06:28:46+08:00
瑞幸,陨石拿铁,陨石拿铁,拿铁,,,214.0,,,,,,,,中国,,用户提供表格数据,official://luckin/calories/%E9%99%A8%E7%9F%B3%E6%8B%BF%E9%93%81,official,瑞幸表格数据,1.0,214.0,214.0,spreadsheet_import,2026-08-16T07:01:08+08:00
Manner,苦橙拿铁,苦橙拿铁,拿铁,大杯,,210.0,,,,,,,图片标注为大杯、不另外加糖、冰饮标准热量,中国,,社交媒体数据整理,social://user-images/manner/%E8%8B%A6%E6%A9%99%E6%8B%BF%E9%93%81,social_media,用户提供社交媒体图片,1.0,210.0,210.0,user_provided_social_images,2026-08-16T08:00:36+08:00
库迪,黑糖波波轻乳茶,黑糖波波轻乳茶,奶茶,中杯,11.834919776150945,210.0,,,,,,,图片标注默认不加糖；半糖增加23千卡，全糖增加46千卡；热饮约为冰饮热量的1.2倍,中国,,社交媒体数据整理,social://xiaohongshu/cotti/%E9%BB%91%E7%B3%96%E6%B3%A2%E6%B3%A2%E8%BD%BB%E4%B9%B3%E8%8C%B6/%E4%B8%AD%E6%9D%AF,social_media,小红书公开图片,1.0,210.0,210.0,user_provided_social_images,2026-08-16T07:01:08+08:00
库迪,卡布奇诺,卡布奇诺,经典咖啡,中杯,11.834919776150945,210.0,,,,,,,图片标注默认不加糖；半糖增加23千卡，全糖增加46千卡；热饮约为冰饮热量的1.2倍,中国,,社交媒体数据整理,social://xiaohongshu/cotti/%E5%8D%A1%E5%B8%83%E5%A5%87%E8%AF%BA/%E4%B8%AD%E6%9D%AF,social_media,小红书公开图片,1.0,210.0,210.0,user_provided_social_images,2026-08-16T07:01:08+08:00
瑞幸,抹茶丝绒拿铁,抹茶丝绒拿铁,抹茶,,,210.0,,,,,,,,中国,,用户提供表格数据,official://luckin/calories/%E6%8A%B9%E8%8C%B6%E4%B8%9D%E7%BB%92%E6%8B%BF%E9%93%81,official,瑞幸表格数据,1.0,210.0,210.0,spreadsheet_import,2026-08-16T07:01:08+08:00
喜茶,椰椰芒芒,椰椰芒芒,果茶,,,210.0,,,,,,,,中国,,喜茶官方热量数据,official://heytea/calories/%E6%A4%B0%E6%A4%B0%E8%8A%92%E8%8A%92,official,喜茶官方,1.0,210.0,210.0,official_spreadsheet_import,2026-08-16T06:28:46+08:00
星巴克,Iced Sugar-Free Vanilla Protein Matcha,冰无糖香草蛋白抹茶,抹茶,Grande 16 fl oz,16.0,210.0,10.0,4.5,31.0,65.0,,,"MILK, ICE, PROTEIN POWDER [WHEY PROTEIN ISOLATE (MILK), SUNFLOWER LECITHIN], SUGAR FREE VANILLA SYRUP [WATER, NATURAL FLAVOR, MALTODEXTRIN, CITRIC ACID, XANTHAN GUM, SUCRALOSE, POTASSIUM SORBATE], MATCHA [GROUND GREEN TEA]",,,Starbucks Official,https://www.starbucks.com/menu/product/28504/iced/nutrition,official,,,,,auto,2026-08-15 23:02:34
古茗,早安鲜牛奶,早安鲜牛奶,果饮,中杯,,207.0,,,,,,,图片标注默认中杯、冰、不另外加糖；同名商品采用后图较新数值,中国,,社交媒体数据整理,social://user-images/%E5%8F%A4%E8%8C%97/%E6%97%A9%E5%AE%89%E9%B2%9C%E7%89%9B%E5%A5%B6,social_media,用户提供社交媒体图片,1.0,207.0,207.0,user_provided_social_images,2026-08-16T07:56:37+08:00
库迪,醇香牛奶,醇香牛奶,无咖无茶,大杯,15.216325426479788,207.0,,,,,,,图片标注默认不加糖；半糖增加23千卡，全糖增加46千卡；热饮约为冰饮热量的1.2倍,中国,,社交媒体数据整理,social://xiaohongshu/cotti/%E9%86%87%E9%A6%99%E7%89%9B%E5%A5%B6/%E5%A4%A7%E6%9D%AF,social_media,小红书公开图片,1.0,207.0,207.0,user_provided_social_images,2026-08-16T07:01:08+08:00
库迪,潘帕斯蓝燕麦拿铁,潘帕斯蓝燕麦拿铁,奶咖,大杯,15.216325426479788,207.0,,,,,,,图片标注默认不加糖；半糖增加23千卡，全糖增加46千卡；热饮约为冰饮热量的1.2倍,中国,,社交媒体数据整理,social://xiaohongshu/cotti/%E6%BD%98%E5%B8%95%E6%96%AF%E8%93%9D%E7%87%95%E9%BA%A6%E6%8B%BF%E9%93%81/%E5%A4%A7%E6%9D%AF,social_media,小红书公开图片,1.0,207.0,207.0,user_provided_social_images,2026-08-16T07:01:08+08:00
库迪,柚见茉莉库可冰,柚见茉莉库可冰,冰沙甜品,超大杯,19.2740122068744,206.0,,,,,,,图片标注默认不加糖；半糖增加23千卡，全糖增加46千卡；热饮约为冰饮热量的1.2倍,中国,,社交媒体数据整理,social://xiaohongshu/cotti/%E6%9F%9A%E8%A7%81%E8%8C%89%E8%8E%89%E5%BA%93%E5%8F%AF%E5%86%B0/%E8%B6%85%E5%A4%A7%E6%9D%AF,social_media,小红书公开图片,1.0,206.0,206.0,user_provided_social_images,2026-08-16T07:01:08+08:00
库迪,小黄油美式,小黄油美式,奶咖,超大杯,19.2740122068744,206.0,,,,,,,图片标注默认不加糖；半糖增加23千卡，全糖增加46千卡；热饮约为冰饮热量的1.2倍,中国,,社交媒体数据整理,social://xiaohongshu/cotti/%E5%B0%8F%E9%BB%84%E6%B2%B9%E7%BE%8E%E5%BC%8F/%E8%B6%85%E5%A4%A7%E6%9D%AF,social_media,小红书公开图片,1.0,206.0,206.0,user_provided_social_images,2026-08-16T07:01:08+08:00
瑞幸,海盐焦糖拿铁,海盐焦糖拿铁,拿铁,,,206.0,,,,,,,,中国,,用户提供表格数据,official://luckin/calories/%E6%B5%B7%E7%9B%90%E7%84%A6%E7%B3%96%E6%8B%BF%E9%93%81,official,瑞幸表格数据,1.0,206.0,206.0,spreadsheet_import,2026-08-16T07:01:08+08:00
库迪,生椰拿铁库可冰,生椰拿铁库可冰,冰沙甜品,大杯,15.216325426479788,203.0,,,,,,,图片标注默认不加糖；半糖增加23千卡，全糖增加46千卡；热饮约为冰饮热量的1.2倍,中国,,社交媒体数据整理,social://xiaohongshu/cotti/%E7%94%9F%E6%A4%B0%E6%8B%BF%E9%93%81%E5%BA%93%E5%8F%AF%E5%86%B0/%E5%A4%A7%E6%9D%AF,social_media,小红书公开图片,1.0,203.0,203.0,user_provided_social_images,2026-08-16T07:01:08+08:00
库迪,鲜气杨梅燕麦奶昔,鲜气杨梅燕麦奶昔,冰沙甜品,大杯,15.216325426479788,203.0,,,,,,,图片标注默认不加糖；半糖增加23千卡，全糖增加46千卡；热饮约为冰饮热量的1.2倍,中国,,社交媒体数据整理,social://xiaohongshu/cotti/%E9%B2%9C%E6%B0%94%E6%9D%A8%E6%A2%85%E7%87%95%E9%BA%A6%E5%A5%B6%E6%98%94/%E5%A4%A7%E6%9D%AF,social_media,小红书公开图片,1.0,203.0,203.0,user_provided_social_images,2026-08-16T07:01:08+08:00
库迪,生椰拿铁（轻盈版）,生椰拿铁（轻盈版）,奶咖,大杯,15.216325426479788,203.0,,,,,,,图片标注默认不加糖；半糖增加23千卡，全糖增加46千卡；热饮约为冰饮热量的1.2倍,中国,,社交媒体数据整理,social://xiaohongshu/cotti/%E7%94%9F%E6%A4%B0%E6%8B%BF%E9%93%81%EF%BC%88%E8%BD%BB%E7%9B%88%E7%89%88%EF%BC%89/%E5%A4%A7%E6%9D%AF,social_media,小红书公开图片,1.0,203.0,203.0,user_provided_social_images,2026-08-16T07:01:08+08:00
Manner,阿萨姆红茶拿铁,阿萨姆红茶拿铁,拿铁,大杯,,200.0,,,,,,,图片标注为大杯、不另外加糖、冰饮标准热量,中国,,社交媒体数据整理,social://user-images/manner/%E9%98%BF%E8%90%A8%E5%A7%86%E7%BA%A2%E8%8C%B6%E6%8B%BF%E9%93%81,social_media,用户提供社交媒体图片,1.0,200.0,200.0,user_provided_social_images,2026-08-16T08:00:36+08:00
Manner,清橙风味拿铁,清橙风味拿铁,拿铁,大杯,,200.0,,,,,,,图片标注为大杯、不另外加糖、冰饮标准热量,中国,,社交媒体数据整理,social://user-images/manner/%E6%B8%85%E6%A9%99%E9%A3%8E%E5%91%B3%E6%8B%BF%E9%93%81,social_media,用户提供社交媒体图片,1.0,200.0,200.0,user_provided_social_images,2026-08-16T08:00:36+08:00
古茗,云顶抹茶龙井,云顶抹茶龙井,茶饮,中杯,,200.0,,,,,,,图片标注默认中杯、冰、不另外加糖；同名商品采用后图较新数值,中国,,社交媒体数据整理,social://user-images/%E5%8F%A4%E8%8C%97/%E4%BA%91%E9%A1%B6%E6%8A%B9%E8%8C%B6%E9%BE%99%E4%BA%95,social_media,用户提供社交媒体图片,1.0,200.0,200.0,user_provided_social_images,2026-08-16T07:56:37+08:00
喜茶,奇兰芭乐莲雾,奇兰芭乐莲雾,果茶,,,200.0,,,,,,,,中国,,喜茶官方热量数据,official://heytea/calories/%E5%A5%87%E5%85%B0%E8%8A%AD%E4%B9%90%E8%8E%B2%E9%9B%BE,official,喜茶官方,1.0,200.0,200.0,official_spreadsheet_import,2026-08-16T06:28:46+08:00
星巴克,Steamed Milk,蒸奶,茶饮,Grande 16 fl oz,16.0,200.0,19.0,8.0,13.0,0.0,,,Milk.,,,Starbucks Official,https://www.starbucks.com/menu/product/747/hot/nutrition,official,,,,,auto,2026-08-15 23:15:27
瑞幸,冰吸生椰拿铁,冰吸生椰拿铁,拿铁,,,196.0,,,,,,,,中国,,用户提供表格数据,official://luckin/calories/%E5%86%B0%E5%90%B8%E7%94%9F%E6%A4%B0%E6%8B%BF%E9%93%81,official,瑞幸表格数据,1.0,196.0,196.0,spreadsheet_import,2026-08-16T07:01:08+08:00
霸王茶姬,归云南·云漫普洱,归云南·云漫普洱,果饮,图片默认规格,,195.0,,,,,,,采用图片醒目标出的默认热量,中国,,社交媒体数据整理,social://user-images/%E9%9C%B8%E7%8E%8B%E8%8C%B6%E5%A7%AC/%E5%BD%92%E4%BA%91%E5%8D%97%C2%B7%E4%BA%91%E6%BC%AB%E6%99%AE%E6%B4%B1,social_media,用户提供社交媒体图片,1.0,195.0,195.0,user_provided_social_images,2026-08-16T07:56:37+08:00
瑞幸,皇后限定苹果拿铁,皇后限定苹果拿铁,拿铁,,,194.0,,,,,,,,中国,,用户提供表格数据,official://luckin/calories/%E7%9A%87%E5%90%8E%E9%99%90%E5%AE%9A%E8%8B%B9%E6%9E%9C%E6%8B%BF%E9%93%81,official,瑞幸表格数据,1.0,194.0,194.0,spreadsheet_import,2026-08-16T07:01:08+08:00
库迪,潘帕斯蓝椰拿铁,潘帕斯蓝椰拿铁,奶咖,中杯,11.834919776150945,193.0,,,,,,,图片标注默认不加糖；半糖增加23千卡，全糖增加46千卡；热饮约为冰饮热量的1.2倍,中国,,社交媒体数据整理,social://xiaohongshu/cotti/%E6%BD%98%E5%B8%95%E6%96%AF%E8%93%9D%E6%A4%B0%E6%8B%BF%E9%93%81/%E4%B8%AD%E6%9D%AF,social_media,小红书公开图片,1.0,193.0,193.0,user_provided_social_images,2026-08-16T07:01:08+08:00
瑞幸,全冰奶酪美式,全冰奶酪美式,美式咖啡,,,192.0,,,,,,,,中国,,用户提供表格数据,official://luckin/calories/%E5%85%A8%E5%86%B0%E5%A5%B6%E9%85%AA%E7%BE%8E%E5%BC%8F,official,瑞幸表格数据,1.0,192.0,192.0,spreadsheet_import,2026-08-16T07:01:08+08:00
Manner,滇红茶拿铁,滇红茶拿铁,拿铁,大杯,,190.0,,,,,,,图片标注为大杯、不另外加糖、冰饮标准热量,中国,,社交媒体数据整理,social://user-images/manner/%E6%BB%87%E7%BA%A2%E8%8C%B6%E6%8B%BF%E9%93%81,social_media,用户提供社交媒体图片,1.0,190.0,190.0,user_provided_social_images,2026-08-16T08:00:36+08:00
喜茶,芝芝绿妍茶后,芝芝绿妍茶后,茶,,,190.0,,,,,,,,中国,,喜茶官方热量数据,official://heytea/calories/%E8%8A%9D%E8%8A%9D%E7%BB%BF%E5%A6%8D%E8%8C%B6%E5%90%8E,official,喜茶官方,1.0,190.0,190.0,official_spreadsheet_import,2026-08-16T06:28:46+08:00
喜茶,轻芝多肉葡萄,轻芝多肉葡萄,果茶,,,190.0,,,,,,,,中国,,喜茶官方热量数据,official://heytea/calories/%E8%BD%BB%E8%8A%9D%E5%A4%9A%E8%82%89%E8%91%A1%E8%90%84,official,喜茶官方,1.0,190.0,190.0,official_spreadsheet_import,2026-08-16T06:28:46+08:00
喜茶,奇兰粉芭乐,奇兰粉芭乐,果茶,,,190.0,,,,,,,,中国,,喜茶官方热量数据,official://heytea/calories/%E5%A5%87%E5%85%B0%E7%B2%89%E8%8A%AD%E4%B9%90,official,喜茶官方,1.0,190.0,190.0,official_spreadsheet_import,2026-08-16T06:28:46+08:00
星巴克,Caffè Latte,拿铁,咖啡,Grande 16 fl oz,16.0,190.0,18.0,7.0,13.0,150.0,,,"Milk, Brewed Espresso.",,,Starbucks Official,https://www.starbucks.com/menu/product/407/hot/nutrition,official,,,,,seed,2026-08-15 23:13:04
星巴克,Iced Matcha Latte,冰抹茶拿铁,咖啡,Grande 16 fl oz,16.0,190.0,25.0,5.0,9.0,65.0,,,"MILK, ICE, CLASSIC SYRUP [SUGAR, WATER, NATURAL FLAVORS, POTASSIUM SORBATE, CITRIC ACID], MATCHA [GROUND GREEN TEA]",,,Starbucks Official,https://www.starbucks.com/menu/product/468/iced/nutrition,official,,,,,seed,2026-08-15 23:15:07
库迪,鲜气杨梅库可冰,鲜气杨梅库可冰,冰沙甜品,超大杯,19.2740122068744,189.0,,,,,,,图片标注默认不加糖；半糖增加23千卡，全糖增加46千卡；热饮约为冰饮热量的1.2倍,中国,,社交媒体数据整理,social://xiaohongshu/cotti/%E9%B2%9C%E6%B0%94%E6%9D%A8%E6%A2%85%E5%BA%93%E5%8F%AF%E5%86%B0/%E8%B6%85%E5%A4%A7%E6%9D%AF,social_media,小红书公开图片,1.0,189.0,189.0,user_provided_social_images,2026-08-16T07:01:08+08:00
库迪,柚见气泡冰萃,柚见气泡冰萃,果咖,超大杯,19.2740122068744,189.0,,,,,,,图片标注默认不加糖；半糖增加23千卡，全糖增加46千卡；热饮约为冰饮热量的1.2倍,中国,,社交媒体数据整理,social://xiaohongshu/cotti/%E6%9F%9A%E8%A7%81%E6%B0%94%E6%B3%A1%E5%86%B0%E8%90%83/%E8%B6%85%E5%A4%A7%E6%9D%AF,social_media,小红书公开图片,1.0,189.0,189.0,user_provided_social_images,2026-08-16T07:01:08+08:00
库迪,柚见美式,柚见美式,果咖,超大杯,19.2740122068744,189.0,,,,,,,图片标注默认不加糖；半糖增加23千卡，全糖增加46千卡；热饮约为冰饮热量的1.2倍,中国,,社交媒体数据整理,social://xiaohongshu/cotti/%E6%9F%9A%E8%A7%81%E7%BE%8E%E5%BC%8F/%E8%B6%85%E5%A4%A7%E6%9D%AF,social_media,小红书公开图片,1.0,189.0,189.0,user_provided_social_images,2026-08-16T07:01:08+08:00
古茗,香椰泰茶,香椰泰茶,茶饮,中杯,,186.0,,,,,,,图片标注默认中杯、冰、不另外加糖；同名商品采用后图较新数值,中国,,社交媒体数据整理,social://user-images/%E5%8F%A4%E8%8C%97/%E9%A6%99%E6%A4%B0%E6%B3%B0%E8%8C%B6,social_media,用户提供社交媒体图片,1.0,186.0,186.0,user_provided_social_images,2026-08-16T07:56:37+08:00
库迪,生椰拿铁,生椰拿铁,奶咖,中杯,11.834919776150945,186.0,,,,,,,图片标注默认不加糖；半糖增加23千卡，全糖增加46千卡；热饮约为冰饮热量的1.2倍,中国,,社交媒体数据整理,social://xiaohongshu/cotti/%E7%94%9F%E6%A4%B0%E6%8B%BF%E9%93%81/%E4%B8%AD%E6%9D%AF,social_media,小红书公开图片,1.0,186.0,186.0,user_provided_social_images,2026-08-16T07:01:08+08:00
库迪,风味经典拿铁（香草）,风味经典拿铁（香草）,经典咖啡,大杯,15.216325426479788,185.0,,,,,,,图片标注默认不加糖；半糖增加23千卡，全糖增加46千卡；热饮约为冰饮热量的1.2倍,中国,,社交媒体数据整理,social://xiaohongshu/cotti/%E9%A3%8E%E5%91%B3%E7%BB%8F%E5%85%B8%E6%8B%BF%E9%93%81%EF%BC%88%E9%A6%99%E8%8D%89%EF%BC%89/%E5%A4%A7%E6%9D%AF,social_media,小红书公开图片,1.0,185.0,185.0,user_provided_social_images,2026-08-16T07:01:08+08:00
瑞幸,鲜柠茉莉冰奶,鲜柠茉莉冰奶,冰奶,,,185.0,,,,,,,,中国,,用户提供表格数据,official://luckin/calories/%E9%B2%9C%E6%9F%A0%E8%8C%89%E8%8E%89%E5%86%B0%E5%A5%B6,official,瑞幸表格数据,1.0,185.0,185.0,spreadsheet_import,2026-08-16T07:01:08+08:00
库迪,潘帕斯蓝西柚水,潘帕斯蓝西柚水,无咖无茶,超大杯,19.2740122068744,183.0,,,,,,,图片标注默认不加糖；半糖增加23千卡，全糖增加46千卡；热饮约为冰饮热量的1.2倍,中国,,社交媒体数据整理,social://xiaohongshu/cotti/%E6%BD%98%E5%B8%95%E6%96%AF%E8%93%9D%E8%A5%BF%E6%9F%9A%E6%B0%B4/%E8%B6%85%E5%A4%A7%E6%9D%AF,social_media,小红书公开图片,1.0,183.0,183.0,user_provided_social_images,2026-08-16T07:01:08+08:00
库迪,柚见手摇冰茶,柚见手摇冰茶,果茶,超大杯,19.2740122068744,183.0,,,,,,,图片标注默认不加糖；半糖增加23千卡，全糖增加46千卡；热饮约为冰饮热量的1.2倍,中国,,社交媒体数据整理,social://xiaohongshu/cotti/%E6%9F%9A%E8%A7%81%E6%89%8B%E6%91%87%E5%86%B0%E8%8C%B6/%E8%B6%85%E5%A4%A7%E6%9D%AF,social_media,小红书公开图片,1.0,183.0,183.0,user_provided_social_images,2026-08-16T07:01:08+08:00
瑞幸,绿沙沙拿铁,绿沙沙拿铁,拿铁,,,183.0,,,,,,,,中国,,用户提供表格数据,official://luckin/calories/%E7%BB%BF%E6%B2%99%E6%B2%99%E6%8B%BF%E9%93%81,official,瑞幸表格数据,1.0,183.0,183.0,spreadsheet_import,2026-08-16T07:01:08+08:00
瑞幸,大西瓜茉莉冰奶,大西瓜茉莉冰奶,冰奶,,,183.0,,,,,,,,中国,,用户提供表格数据,official://luckin/calories/%E5%A4%A7%E8%A5%BF%E7%93%9C%E8%8C%89%E8%8E%89%E5%86%B0%E5%A5%B6,official,瑞幸表格数据,1.0,183.0,183.0,spreadsheet_import,2026-08-16T07:01:08+08:00
古茗,百香果双重奏,百香果双重奏,果饮,中杯,,181.0,,,,,,,图片标注默认中杯、冰、不另外加糖；同名商品采用后图较新数值,中国,,社交媒体数据整理,social://user-images/%E5%8F%A4%E8%8C%97/%E7%99%BE%E9%A6%99%E6%9E%9C%E5%8F%8C%E9%87%8D%E5%A5%8F,social_media,用户提供社交媒体图片,1.0,181.0,181.0,user_provided_social_images,2026-08-16T07:56:37+08:00
Manner,拿铁·哥伦比亚托雷多水洗,拿铁·哥伦比亚托雷多水洗,拿铁,大杯,,180.0,,,,,,,图片标注为大杯、不另外加糖、冰饮标准热量,中国,,社交媒体数据整理,social://user-images/manner/%E6%8B%BF%E9%93%81%C2%B7%E5%93%A5%E4%BC%A6%E6%AF%94%E4%BA%9A%E6%89%98%E9%9B%B7%E5%A4%9A%E6%B0%B4%E6%B4%97,social_media,用户提供社交媒体图片,1.0,180.0,180.0,user_provided_social_images,2026-08-16T08:00:36+08:00
库迪,柚杏美式,柚杏美式,果咖,大杯,15.216325426479788,180.0,,,,,,,图片标注默认不加糖；半糖增加23千卡，全糖增加46千卡；热饮约为冰饮热量的1.2倍,中国,,社交媒体数据整理,social://xiaohongshu/cotti/%E6%9F%9A%E6%9D%8F%E7%BE%8E%E5%BC%8F/%E5%A4%A7%E6%9D%AF,social_media,小红书公开图片,1.0,180.0,180.0,user_provided_social_images,2026-08-16T07:01:08+08:00
瑞幸,小黄油美式,小黄油美式,美式咖啡,,,180.0,,,,,,,,中国,,用户提供表格数据,official://luckin/calories/%E5%B0%8F%E9%BB%84%E6%B2%B9%E7%BE%8E%E5%BC%8F,official,瑞幸表格数据,1.0,180.0,180.0,spreadsheet_import,2026-08-16T07:01:08+08:00
喜茶,金韵苹果人参果,金韵苹果人参果,果茶,,,180.0,,,,,,,,中国,,喜茶官方热量数据,official://heytea/calories/%E9%87%91%E9%9F%B5%E8%8B%B9%E6%9E%9C%E4%BA%BA%E5%8F%82%E6%9E%9C,official,喜茶官方,1.0,180.0,180.0,official_spreadsheet_import,2026-08-16T06:28:46+08:00
星巴克,London Fog Latte,伦敦雾茶拿铁,咖啡,Grande 16 fl oz,16.0,180.0,29.0,4.0,7.0,40.0,,,"MILK, AN INFUISION OF [WATER, BLACK TEA, BERGAMOT ESSENCE, LAVENDER FLOWERS], VANILLA SYRUP [SUGAR, WATER, NATURAL FLAVORS, POTASSIUM SORBATE, CITRIC ACID]",,,Starbucks Official,https://www.starbucks.com/menu/product/477/hot/nutrition,official,,,,,auto,2026-08-15 23:15:15
库迪,杨枝甘露拿铁,杨枝甘露拿铁,奶咖,中杯,11.834919776150945,179.0,,,,,,,图片标注默认不加糖；半糖增加23千卡，全糖增加46千卡；热饮约为冰饮热量的1.2倍,中国,,社交媒体数据整理,social://xiaohongshu/cotti/%E6%9D%A8%E6%9E%9D%E7%94%98%E9%9C%B2%E6%8B%BF%E9%93%81/%E4%B8%AD%E6%9D%AF,social_media,小红书公开图片,1.0,179.0,179.0,user_provided_social_images,2026-08-16T07:01:08+08:00
瑞幸,生椰拿铁,生椰拿铁,拿铁,,,179.0,,,,,,,,中国,,用户提供表格数据,official://luckin/calories/%E7%94%9F%E6%A4%B0%E6%8B%BF%E9%93%81,official,瑞幸表格数据,1.0,179.0,179.0,spreadsheet_import,2026-08-16T07:01:08+08:00
瑞幸,生椰杨枝甘露,生椰杨枝甘露,抹茶,,,178.0,,,,,,,,中国,,用户提供表格数据,official://luckin/calories/%E7%94%9F%E6%A4%B0%E6%9D%A8%E6%9E%9D%E7%94%98%E9%9C%B2,official,瑞幸表格数据,1.0,178.0,178.0,spreadsheet_import,2026-08-16T07:01:08+08:00
库迪,经典拿铁,经典拿铁,经典咖啡,超大杯,19.2740122068744,177.0,,,,,,,图片标注默认不加糖；半糖增加23千卡，全糖增加46千卡；热饮约为冰饮热量的1.2倍,中国,,社交媒体数据整理,social://xiaohongshu/cotti/%E7%BB%8F%E5%85%B8%E6%8B%BF%E9%93%81/%E8%B6%85%E5%A4%A7%E6%9D%AF,social_media,小红书公开图片,1.0,177.0,177.0,user_provided_social_images,2026-08-16T07:01:08+08:00
库迪,杏皮气泡冰萃,杏皮气泡冰萃,果咖,大杯,15.216325426479788,176.0,,,,,,,图片标注默认不加糖；半糖增加23千卡，全糖增加46千卡；热饮约为冰饮热量的1.2倍,中国,,社交媒体数据整理,social://xiaohongshu/cotti/%E6%9D%8F%E7%9A%AE%E6%B0%94%E6%B3%A1%E5%86%B0%E8%90%83/%E5%A4%A7%E6%9D%AF,social_media,小红书公开图片,1.0,176.0,176.0,user_provided_social_images,2026-08-16T07:01:08+08:00
库迪,流云拿铁,流云拿铁,奶咖,中杯,11.834919776150945,175.0,,,,,,,图片标注默认不加糖；半糖增加23千卡，全糖增加46千卡；热饮约为冰饮热量的1.2倍,中国,,社交媒体数据整理,social://xiaohongshu/cotti/%E6%B5%81%E4%BA%91%E6%8B%BF%E9%93%81/%E4%B8%AD%E6%9D%AF,social_media,小红书公开图片,1.0,175.0,175.0,user_provided_social_images,2026-08-16T07:01:08+08:00
瑞幸,鲜萃轻轻茉莉（超大杯）,鲜萃轻轻茉莉（超大杯）,冰奶,,,174.0,,,,,,,,中国,,用户提供表格数据,official://luckin/calories/%E9%B2%9C%E8%90%83%E8%BD%BB%E8%BD%BB%E8%8C%89%E8%8E%89%EF%BC%88%E8%B6%85%E5%A4%A7%E6%9D%AF%EF%BC%89,official,瑞幸表格数据,1.0,174.0,174.0,spreadsheet_import,2026-08-16T07:01:08+08:00
库迪,橙C气泡冰萃,橙C气泡冰萃,果咖,超大杯,19.2740122068744,171.0,,,,,,,图片标注默认不加糖；半糖增加23千卡，全糖增加46千卡；热饮约为冰饮热量的1.2倍,中国,,社交媒体数据整理,social://xiaohongshu/cotti/%E6%A9%99C%E6%B0%94%E6%B3%A1%E5%86%B0%E8%90%83/%E8%B6%85%E5%A4%A7%E6%9D%AF,social_media,小红书公开图片,1.0,171.0,171.0,user_provided_social_images,2026-08-16T07:01:08+08:00
库迪,橙C美式,橙C美式,果咖,超大杯,19.2740122068744,171.0,,,,,,,图片标注默认不加糖；半糖增加23千卡，全糖增加46千卡；热饮约为冰饮热量的1.2倍,中国,,社交媒体数据整理,social://xiaohongshu/cotti/%E6%A9%99C%E7%BE%8E%E5%BC%8F/%E8%B6%85%E5%A4%A7%E6%9D%AF,social_media,小红书公开图片,1.0,171.0,171.0,user_provided_social_images,2026-08-16T07:01:08+08:00
库迪,西西里美式,西西里美式,果咖,超大杯,19.2740122068744,171.0,,,,,,,图片标注默认不加糖；半糖增加23千卡，全糖增加46千卡；热饮约为冰饮热量的1.2倍,中国,,社交媒体数据整理,social://xiaohongshu/cotti/%E8%A5%BF%E8%A5%BF%E9%87%8C%E7%BE%8E%E5%BC%8F/%E8%B6%85%E5%A4%A7%E6%9D%AF,social_media,小红书公开图片,1.0,171.0,171.0,user_provided_social_images,2026-08-16T07:01:08+08:00
库迪,阳光青提美式,阳光青提美式,果咖,超大杯,19.2740122068744,171.0,,,,,,,图片标注默认不加糖；半糖增加23千卡，全糖增加46千卡；热饮约为冰饮热量的1.2倍,中国,,社交媒体数据整理,social://xiaohongshu/cotti/%E9%98%B3%E5%85%89%E9%9D%92%E6%8F%90%E7%BE%8E%E5%BC%8F/%E8%B6%85%E5%A4%A7%E6%9D%AF,social_media,小红书公开图片,1.0,171.0,171.0,user_provided_social_images,2026-08-16T07:01:08+08:00
库迪,精粹澳白,精粹澳白,经典咖啡,超大杯,19.2740122068744,171.0,,,,,,,图片标注默认不加糖；半糖增加23千卡，全糖增加46千卡；热饮约为冰饮热量的1.2倍,中国,,社交媒体数据整理,social://xiaohongshu/cotti/%E7%B2%BE%E7%B2%B9%E6%BE%B3%E7%99%BD/%E8%B6%85%E5%A4%A7%E6%9D%AF,social_media,小红书公开图片,1.0,171.0,171.0,user_provided_social_images,2026-08-16T07:01:08+08:00
瑞幸,大菠萝生椰冷萃,大菠萝生椰冷萃,美式咖啡,,,171.0,,,,,,,,中国,,用户提供表格数据,official://luckin/calories/%E5%A4%A7%E8%8F%A0%E8%90%9D%E7%94%9F%E6%A4%B0%E5%86%B7%E8%90%83,official,瑞幸表格数据,1.0,171.0,171.0,spreadsheet_import,2026-08-16T07:01:08+08:00
古茗,青橘芦荟冰冰茶,青橘芦荟冰冰茶,茶饮,中杯,,170.0,,,,,,,图片标注默认中杯、冰、不另外加糖；同名商品采用后图较新数值,中国,,社交媒体数据整理,social://user-images/%E5%8F%A4%E8%8C%97/%E9%9D%92%E6%A9%98%E8%8A%A6%E8%8D%9F%E5%86%B0%E5%86%B0%E8%8C%B6,social_media,用户提供社交媒体图片,1.0,170.0,170.0,user_provided_social_images,2026-08-16T07:56:37+08:00
喜茶,小奶茉,小奶茉,牛乳茶,,,170.0,,,,,,,,中国,,喜茶官方热量数据,official://heytea/calories/%E5%B0%8F%E5%A5%B6%E8%8C%89,official,喜茶官方,1.0,170.0,170.0,official_spreadsheet_import,2026-08-16T06:28:46+08:00
霸王茶姬,一抹山月,一抹山月,果饮,图片默认规格,,168.0,,,,,,,采用图片醒目标出的默认热量,中国,,社交媒体数据整理,social://user-images/%E9%9C%B8%E7%8E%8B%E8%8C%B6%E5%A7%AC/%E4%B8%80%E6%8A%B9%E5%B1%B1%E6%9C%88,social_media,用户提供社交媒体图片,1.0,168.0,168.0,user_provided_social_images,2026-08-16T07:56:37+08:00
库迪,杨枝甘露,杨枝甘露,无咖无茶,中杯,11.834919776150945,168.0,,,,,,,图片标注默认不加糖；半糖增加23千卡，全糖增加46千卡；热饮约为冰饮热量的1.2倍,中国,,社交媒体数据整理,social://xiaohongshu/cotti/%E6%9D%A8%E6%9E%9D%E7%94%98%E9%9C%B2/%E4%B8%AD%E6%9D%AF,social_media,小红书公开图片,1.0,168.0,168.0,user_provided_social_images,2026-08-16T07:01:08+08:00
库迪,纯粹燕麦拿铁,纯粹燕麦拿铁,奶咖,中杯,11.834919776150945,168.0,,,,,,,图片标注默认不加糖；半糖增加23千卡，全糖增加46千卡；热饮约为冰饮热量的1.2倍,中国,,社交媒体数据整理,social://xiaohongshu/cotti/%E7%BA%AF%E7%B2%B9%E7%87%95%E9%BA%A6%E6%8B%BF%E9%93%81/%E4%B8%AD%E6%9D%AF,social_media,小红书公开图片,1.0,168.0,168.0,user_provided_social_images,2026-08-16T07:01:08+08:00
瑞幸,卡布奇诺,卡布奇诺,拿铁,,,163.0,,,,,,,,中国,,用户提供表格数据,official://luckin/calories/%E5%8D%A1%E5%B8%83%E5%A5%87%E8%AF%BA,official,瑞幸表格数据,1.0,163.0,163.0,spreadsheet_import,2026-08-16T07:01:08+08:00
库迪,柚见茉莉库可冰,柚见茉莉库可冰,冰沙甜品,大杯,15.216325426479788,162.0,,,,,,,图片标注默认不加糖；半糖增加23千卡，全糖增加46千卡；热饮约为冰饮热量的1.2倍,中国,,社交媒体数据整理,social://xiaohongshu/cotti/%E6%9F%9A%E8%A7%81%E8%8C%89%E8%8E%89%E5%BA%93%E5%8F%AF%E5%86%B0/%E5%A4%A7%E6%9D%AF,social_media,小红书公开图片,1.0,162.0,162.0,user_provided_social_images,2026-08-16T07:01:08+08:00
库迪,小黄油美式,小黄油美式,奶咖,大杯,15.216325426479788,162.0,,,,,,,图片标注默认不加糖；半糖增加23千卡，全糖增加46千卡；热饮约为冰饮热量的1.2倍,中国,,社交媒体数据整理,social://xiaohongshu/cotti/%E5%B0%8F%E9%BB%84%E6%B2%B9%E7%BE%8E%E5%BC%8F/%E5%A4%A7%E6%9D%AF,social_media,小红书公开图片,1.0,162.0,162.0,user_provided_social_images,2026-08-16T07:01:08+08:00
库迪,醇香牛奶,醇香牛奶,无咖无茶,中杯,11.834919776150945,161.0,,,,,,,图片标注默认不加糖；半糖增加23千卡，全糖增加46千卡；热饮约为冰饮热量的1.2倍,中国,,社交媒体数据整理,social://xiaohongshu/cotti/%E9%86%87%E9%A6%99%E7%89%9B%E5%A5%B6/%E4%B8%AD%E6%9D%AF,social_media,小红书公开图片,1.0,161.0,161.0,user_provided_social_images,2026-08-16T07:01:08+08:00
库迪,潘帕斯蓝燕麦拿铁,潘帕斯蓝燕麦拿铁,奶咖,中杯,11.834919776150945,161.0,,,,,,,图片标注默认不加糖；半糖增加23千卡，全糖增加46千卡；热饮约为冰饮热量的1.2倍,中国,,社交媒体数据整理,social://xiaohongshu/cotti/%E6%BD%98%E5%B8%95%E6%96%AF%E8%93%9D%E7%87%95%E9%BA%A6%E6%8B%BF%E9%93%81/%E4%B8%AD%E6%9D%AF,social_media,小红书公开图片,1.0,161.0,161.0,user_provided_social_images,2026-08-16T07:01:08+08:00
古茗,手剥粒粒大橙,手剥粒粒大橙,果饮,中杯,,160.0,,,,,,,图片标注默认中杯、冰、不另外加糖；同名商品采用后图较新数值,中国,,社交媒体数据整理,social://user-images/%E5%8F%A4%E8%8C%97/%E6%89%8B%E5%89%A5%E7%B2%92%E7%B2%92%E5%A4%A7%E6%A9%99,social_media,用户提供社交媒体图片,1.0,160.0,160.0,user_provided_social_images,2026-08-16T07:56:37+08:00
星巴克,Cannon Ball Drink,炮弹果饮,其他饮品,Grande 16 fl oz,16.0,160.0,34.0,0.0,1.0,50.0,,,"ICE, LEMONADE [WATER, LEMON JUICE, SUGAR, LEMON OIL], STRAWBERRY ACAI REFRESHER BASE [WATER, SUGARS (SUGAR, WHITE GRAPE JUICE CONCENTRATE, FRUIT AND VEGETABLE JUICE CONCENTRATE FOR COLOR (SWEET POTATO, RADISH, APPLE, BLACKCURRANT, CHERRY)), CITRIC ACID, NATURAL FLAVORS, STEVIA EXTRACT (REBAUDIOSIDE-A)], MANGO DRAGONFRUIT REFRESHER BASE [WATER, SUGARS (SUGAR, WHITE GRAPE JUICE CONCENTRATE, FRUIT AND VEGETABLE JUICE CONCENTRATE FOR COLOR (CARROT, BLUEBERRY)), NATURAL FLAVORS, CITRIC ACID, STEVIA EXTRACT (REBAUDIOSIDE-A)], GREEN COFFEE EXTRACT BLEND [WATER, POTASSIUM DIHYDROGEN PHOSPHATE, COFFEE EXTRACT (FOR FLAVOR), CITRIC ACID, TRISODIUM CITRATE DIHYDRATE, POTASSIUM SORBATE, XANTHAN GUM, VITAMIN BLEND (NIACIN, CALCIUM PANTOTHENATE, PYRIDOXINE HYDROCHLORIDE, CYANOCOBALAMIN), NATURAL FLAVOR], FREEZE DRIED DRAGONFRUIT PIECES, FREEZE DRIED STRAWBERRIES.",,,Starbucks Official,https://www.starbucks.com/menu/product/34810/iced/nutrition,official,,,,,auto,2026-08-15 23:03:03
星巴克,Blue Coconut Lemonade Refresher,蓝椰柠檬沁爽饮,清爽饮,Grande 16 fl oz,16.0,160.0,38.0,0.0,0.0,50.0,,,"ICE, STRAWBERRY ACAI REFRESHER BASE [WATER, SUGARS (SUGAR, WHITE GRAPE JUICE CONCENTRATE, FRUIT AND VEGETABLE JUICE CONCENTRATE FOR COLOR (SWEET POTATO, RADISH, APPLE, BLACKCURRANT, CHERRY)), CITRIC ACID, NATURAL FLAVORS, STEVIA EXTRACT (REBAUDIOSIDE-A)], LEMONADE [WATER, LEMON JUICE, SUGAR, LEMON OIL], TOASTED COCONUT SYRUP [WATER, SUGAR, NATURAL FLAVORS (COCONUT), CITRIC ACID, POTASSIUM SORBATE], GREEN COFFEE EXTRACT BLEND [WATER, POTASSIUM DIHYDROGEN PHOSPHATE, COFFEE EXTRACT (FOR FLAVOR), CITRIC ACID, TRISODIUM CITRATE DIHYDRATE, POTASSIUM SORBATE, XANTHAN GUM, VITAMIN BLEND (NIACIN, CALCIUM PANTOTHENATE, PYRIDOXINE HYDROCHLORIDE, CYANOCOBALAMIN), NATURAL FLAVOR], BLUE SWEET POWDER [SUGARS (CANE SUGAR, FRUIT AND VEGETABLE JUICE CONCENTRATE FOR COLOR (SPIRULINA, CARROT, HIBISCUS)), SPIRULINA POWDER, XANTHAN GUM, NATURAL FLAVOR, RICE HULLS, SOYBEAN OIL]",,,Starbucks Official,https://www.starbucks.com/menu/product/40607/iced/nutrition,official,,,,,auto,2026-08-15 23:12:38
星巴克,Ocean Drink,海洋椰乳饮,其他饮品,Grande 16 fl oz,16.0,160.0,31.0,2.5,0.0,50.0,,,"ICE, STRAWBERRY ACAI REFRESHER BASE [WATER, SUGARS (SUGAR, WHITE GRAPE JUICE CONCENTRATE, FRUIT AND VEGETABLE JUICE CONCENTRATE FOR COLOR (SWEET POTATO, RADISH, APPLE, BLACKCURRANT, CHERRY)), CITRIC ACID, NATURAL FLAVORS, STEVIA EXTRACT (REBAUDIOSIDE-A)], COCONUTMILK [WATER, COCONUT CREAM, CANE SUGAR, TRICALCIUM PHOSPHATE, COCONUT WATER CONCENTRATE, NATURAL FLAVORS, SEA SALT, XANTHAN GUM, PECTIN, GELLAN GUM, GUAR GUM, VITAMIN A PALMITATE, VITAMIN D2], TOASTED COCONUT SYRUP [WATER, SUGAR, NATURAL FLAVORS (COCONUT), CITRIC ACID, POTASSIUM SORBATE], GREEN COFFEE EXTRACT BLEND [WATER, POTASSIUM DIHYDROGEN PHOSPHATE, COFFEE EXTRACT (FOR FLAVOR), CITRIC ACID, TRISODIUM CITRATE DIHYDRATE, POTASSIUM SORBATE, XANTHAN GUM, VITAMIN BLEND (NIACIN, CALCIUM PANTOTHENATE, PYRIDOXINE HYDROCHLORIDE, CYANOCOBALAMIN), NATURAL FLAVOR], BLUE SWEET POWDER [SUGARS (CANE SUGAR, FRUIT AND VEGETABLE JUICE CONCENTRATE FOR COLOR (SPIRULINA, CARROT, HIBISCUS)), SPIRULINA POWDER, XANTHAN GUM, NATURAL FLAVOR, RICE HULLS, SOYBEAN OIL]",,,Starbucks Official,https://www.starbucks.com/menu/product/40628/iced/nutrition,official,,,,,auto,2026-08-15 23:12:42
星巴克,Blended Mango Strawberry Lemonade Refresher,芒果草莓柠檬沁爽冰沙,清爽饮,Grande 16 fl oz,16.0,160.0,32.0,0.0,0.0,40.0,,,"ICE, STRAWBERRY ACAI REFRESHER BASE [WATER, SUGARS (SUGAR, WHITE GRAPE JUICE CONCENTRATE, FRUIT AND VEGETABLE JUICE CONCENTRATE FOR COLOR (SWEET POTATO, RADISH, APPLE, BLACKCURRANT, CHERRY)), CITRIC ACID, NATURAL FLAVORS, STEVIA EXTRACT (REBAUDIOSIDE-A)], LEMONADE [WATER, LEMON JUICE, SUGAR, LEMON OIL], MANGO SYRUP [WATER, SUGAR, NATURAL FLAVORS, BETA-CAROTENE (FOR COLOR), POTASSIUM SORBATE, CITRIC ACID, XANTHAN GUM, ASCORBIC ACID], BLENDING POWDER [GUM ARABIC, MALTODEXTRIN, XANTHAN GUM, NATURAL FLAVOR, SILICA, STEVIA EXTRACT (REBAUDIOSIDE-A)], GREEN COFFEE EXTRACT BLEND [WATER, POTASSIUM DIHYDROGEN PHOSPHATE, COFFEE EXTRACT (FOR FLAVOR), CITRIC ACID, TRISODIUM CITRATE DIHYDRATE, POTASSIUM SORBATE, XANTHAN GUM, VITAMIN BLEND (NIACIN, CALCIUM PANTOTHENATE, PYRIDOXINE HYDROCHLORIDE, CYANOCOBALAMIN), NATURAL FLAVOR], FREEZE DRIED STRAWBERRIES.",,,Starbucks Official,https://www.starbucks.com/menu/product/40747/iced/nutrition,official,,,,,auto,2026-08-15 23:13:29
星巴克,Blended Mango Dream,芒果梦境冰沙,其他饮品,Grande 16 fl oz,16.0,160.0,26.0,2.0,1.0,40.0,,,"ICE, STRAWBERRY ACAI REFRESHER BASE [WATER, SUGARS (SUGAR, WHITE GRAPE JUICE CONCENTRATE, FRUIT AND VEGETABLE JUICE CONCENTRATE FOR COLOR (SWEET POTATO, RADISH, APPLE, BLACKCURRANT, CHERRY)), CITRIC ACID, NATURAL FLAVORS, STEVIA EXTRACT (REBAUDIOSIDE-A)], COCONUTMILK [WATER, COCONUT CREAM, CANE SUGAR, TRICALCIUM PHOSPHATE, COCONUT WATER CONCENTRATE, NATURAL FLAVORS, SEA SALT, XANTHAN GUM, PECTIN, GELLAN GUM, GUAR GUM, VITAMIN A PALMITATE, VITAMIN D2], MANGO SYRUP [WATER, SUGAR, NATURAL FLAVORS, BETA-CAROTENE (FOR COLOR), POTASSIUM SORBATE, CITRIC ACID, XANTHAN GUM, ASCORBIC ACID], BLENDING POWDER [GUM ARABIC, MALTODEXTRIN, XANTHAN GUM, NATURAL FLAVOR, SILICA, STEVIA EXTRACT (REBAUDIOSIDE-A)], GREEN COFFEE EXTRACT BLEND [WATER, POTASSIUM DIHYDROGEN PHOSPHATE, COFFEE EXTRACT (FOR FLAVOR), CITRIC ACID, TRISODIUM CITRATE DIHYDRATE, POTASSIUM SORBATE, XANTHAN GUM, VITAMIN BLEND (NIACIN, CALCIUM PANTOTHENATE, PYRIDOXINE HYDROCHLORIDE, CYANOCOBALAMIN), NATURAL FLAVOR], FREEZE DRIED STRAWBERRIES.",,,Starbucks Official,https://www.starbucks.com/menu/product/40748/iced/nutrition,official,,,,,auto,2026-08-15 23:13:33
库迪,生椰拿铁（轻盈版）,生椰拿铁（轻盈版）,奶咖,中杯,11.834919776150945,158.0,,,,,,,图片标注默认不加糖；半糖增加23千卡，全糖增加46千卡；热饮约为冰饮热量的1.2倍,中国,,社交媒体数据整理,social://xiaohongshu/cotti/%E7%94%9F%E6%A4%B0%E6%8B%BF%E9%93%81%EF%BC%88%E8%BD%BB%E7%9B%88%E7%89%88%EF%BC%89/%E4%B8%AD%E6%9D%AF,social_media,小红书公开图片,1.0,158.0,158.0,user_provided_social_images,2026-08-16T07:01:08+08:00
古茗,超A多肉葡萄,超A多肉葡萄,果饮,中杯,,157.0,,,,,,,图片标注默认中杯、冰、不另外加糖；同名商品采用后图较新数值,中国,,社交媒体数据整理,social://user-images/%E5%8F%A4%E8%8C%97/%E8%B6%85A%E5%A4%9A%E8%82%89%E8%91%A1%E8%90%84,social_media,用户提供社交媒体图片,1.0,157.0,157.0,user_provided_social_images,2026-08-16T07:56:37+08:00
Manner,拿铁咖啡,拿铁咖啡,拿铁,大杯,,155.0,,,,,,,图片标注为大杯、不另外加糖、冰饮标准热量,中国,,社交媒体数据整理,social://user-images/manner/%E6%8B%BF%E9%93%81%E5%92%96%E5%95%A1,social_media,用户提供社交媒体图片,1.0,155.0,155.0,user_provided_social_images,2026-08-16T08:00:36+08:00
古茗,甜心芭乐葡,甜心芭乐葡,果饮,中杯,,155.0,,,,,,,图片标注默认中杯、冰、不另外加糖；同名商品采用后图较新数值,中国,,社交媒体数据整理,social://user-images/%E5%8F%A4%E8%8C%97/%E7%94%9C%E5%BF%83%E8%8A%AD%E4%B9%90%E8%91%A1,social_media,用户提供社交媒体图片,1.0,155.0,155.0,user_provided_social_images,2026-08-16T07:56:37+08:00
古茗,超A葡萄冰,超A葡萄冰,果饮,中杯,,155.0,,,,,,,图片标注默认中杯、冰、不另外加糖；同名商品采用后图较新数值,中国,,社交媒体数据整理,social://user-images/%E5%8F%A4%E8%8C%97/%E8%B6%85A%E8%91%A1%E8%90%84%E5%86%B0,social_media,用户提供社交媒体图片,1.0,155.0,155.0,user_provided_social_images,2026-08-16T07:56:37+08:00
瑞幸,香草拿铁,香草拿铁,拿铁,,,155.0,,,,,,,,中国,,用户提供表格数据,official://luckin/calories/%E9%A6%99%E8%8D%89%E6%8B%BF%E9%93%81,official,瑞幸表格数据,1.0,155.0,155.0,spreadsheet_import,2026-08-16T07:01:08+08:00
古茗,冰摇大瓜椰,冰摇大瓜椰,果饮,中杯,,154.0,,,,,,,图片标注默认中杯、冰、不另外加糖；同名商品采用后图较新数值,中国,,社交媒体数据整理,social://user-images/%E5%8F%A4%E8%8C%97/%E5%86%B0%E6%91%87%E5%A4%A7%E7%93%9C%E6%A4%B0,social_media,用户提供社交媒体图片,1.0,154.0,154.0,user_provided_social_images,2026-08-16T07:56:37+08:00
库迪,橙C手摇冰茶,橙C手摇冰茶,果茶,超大杯,19.2740122068744,154.0,,,,,,,图片标注默认不加糖；半糖增加23千卡，全糖增加46千卡；热饮约为冰饮热量的1.2倍,中国,,社交媒体数据整理,social://xiaohongshu/cotti/%E6%A9%99C%E6%89%8B%E6%91%87%E5%86%B0%E8%8C%B6/%E8%B6%85%E5%A4%A7%E6%9D%AF,social_media,小红书公开图片,1.0,154.0,154.0,user_provided_social_images,2026-08-16T07:01:08+08:00
瑞幸,抹茶拿铁,抹茶拿铁,抹茶,,,154.0,,,,,,,,中国,,用户提供表格数据,official://luckin/calories/%E6%8A%B9%E8%8C%B6%E6%8B%BF%E9%93%81,official,瑞幸表格数据,1.0,154.0,154.0,spreadsheet_import,2026-08-16T07:01:08+08:00
霸王茶姬,蜜瓜开心果椰,蜜瓜开心果椰,果饮,图片默认规格,,153.0,,,,,,,采用图片醒目标出的默认热量,中国,,社交媒体数据整理,social://user-images/%E9%9C%B8%E7%8E%8B%E8%8C%B6%E5%A7%AC/%E8%9C%9C%E7%93%9C%E5%BC%80%E5%BF%83%E6%9E%9C%E6%A4%B0,social_media,用户提供社交媒体图片,1.0,153.0,153.0,user_provided_social_images,2026-08-16T07:56:37+08:00
瑞幸,深烘拿铁,深烘拿铁,拿铁,,,153.0,,,,,,,,中国,,用户提供表格数据,official://luckin/calories/%E6%B7%B1%E7%83%98%E6%8B%BF%E9%93%81,official,瑞幸表格数据,1.0,153.0,153.0,spreadsheet_import,2026-08-16T07:01:08+08:00
瑞幸,埃塞金烘拿铁,埃塞金烘拿铁,拿铁,,,153.0,,,,,,,,中国,,用户提供表格数据,official://luckin/calories/%E5%9F%83%E5%A1%9E%E9%87%91%E7%83%98%E6%8B%BF%E9%93%81,official,瑞幸表格数据,1.0,153.0,153.0,spreadsheet_import,2026-08-16T07:01:08+08:00
瑞幸,手打鲜切柠檬茶,手打鲜切柠檬茶,美式咖啡,,,151.0,,,,,,,,中国,,用户提供表格数据,official://luckin/calories/%E6%89%8B%E6%89%93%E9%B2%9C%E5%88%87%E6%9F%A0%E6%AA%AC%E8%8C%B6,official,瑞幸表格数据,1.0,151.0,151.0,spreadsheet_import,2026-08-16T07:01:08+08:00
瑞幸,瑞之抹茶（超大杯）,瑞之抹茶（超大杯）,抹茶,,,151.0,,,,,,,,中国,,用户提供表格数据,official://luckin/calories/%E7%91%9E%E4%B9%8B%E6%8A%B9%E8%8C%B6%EF%BC%88%E8%B6%85%E5%A4%A7%E6%9D%AF%EF%BC%89,official,瑞幸表格数据,1.0,151.0,151.0,spreadsheet_import,2026-08-16T07:01:08+08:00
星巴克,Blended Matcha Lemonade,抹茶柠檬冰沙,抹茶,Grande 16 fl oz,16.0,150.0,28.0,0.0,1.0,65.0,,,"ICE, LEMONADE [WATER, LEMON JUICE, SUGAR, LEMON OIL], CLASSIC SYRUP [SUGAR, WATER, NATURAL FLAVORS, POTASSIUM SORBATE, CITRIC ACID], BLENDING POWDER [GUM ARABIC, MALTODEXTRIN, XANTHAN GUM, NATURAL FLAVOR, SILICA, STEVIA EXTRACT (REBAUDIOSIDE-A)], MATCHA [GROUND GREEN TEA]",,,Starbucks Official,https://www.starbucks.com/menu/product/40630/iced/nutrition,official,,,,,auto,2026-08-15 23:12:46
星巴克,Pink Cannon Ball Drink,粉红炮弹果饮,其他饮品,Grande 16 fl oz,16.0,150.0,27.0,3.0,1.0,50.0,,,"ICE, COCONUTMILK [WATER, COCONUT CREAM, CANE SUGAR, TRICALCIUM PHOSPHATE, COCONUT WATER CONCENTRATE, NATURAL FLAVORS, SEA SALT, XANTHAN GUM, PECTIN, GELLAN GUM, GUAR GUM, VITAMIN A PALMITATE, VITAMIN D2], STRAWBERRY ACAI REFRESHER BASE [WATER, SUGARS (SUGAR, WHITE GRAPE JUICE CONCENTRATE, FRUIT AND VEGETABLE JUICE CONCENTRATE FOR COLOR (SWEET POTATO, RADISH, APPLE, BLACKCURRANT, CHERRY)), CITRIC ACID, NATURAL FLAVORS, STEVIA EXTRACT (REBAUDIOSIDE-A)], MANGO DRAGONFRUIT REFRESHER BASE [WATER, SUGARS (SUGAR, WHITE GRAPE JUICE CONCENTRATE, FRUIT AND VEGETABLE JUICE CONCENTRATE FOR COLOR (CARROT, BLUEBERRY)), NATURAL FLAVORS, CITRIC ACID, STEVIA EXTRACT (REBAUDIOSIDE-A)], GREEN COFFEE EXTRACT BLEND [WATER, POTASSIUM DIHYDROGEN PHOSPHATE, COFFEE EXTRACT (FOR FLAVOR), CITRIC ACID, TRISODIUM CITRATE DIHYDRATE, POTASSIUM SORBATE, XANTHAN GUM, VITAMIN BLEND (NIACIN, CALCIUM PANTOTHENATE, PYRIDOXINE HYDROCHLORIDE, CYANOCOBALAMIN), NATURAL FLAVOR], FREEZE DRIED DRAGONFRUIT PIECES, FREEZE DRIED STRAWBERRIES.",,,Starbucks Official,https://www.starbucks.com/menu/product/40651/iced/nutrition,official,,,,,auto,2026-08-15 23:12:55
星巴克,Blended Pink Cannon Ball Drink,粉红炮弹果饮冰沙,其他饮品,Grande 16 fl oz,16.0,150.0,23.0,2.5,1.0,45.0,,,"ICE, COCONUTMILK [WATER, COCONUT CREAM, CANE SUGAR, TRICALCIUM PHOSPHATE, COCONUT WATER CONCENTRATE, NATURAL FLAVORS, SEA SALT, XANTHAN GUM, PECTIN, GELLAN GUM, GUAR GUM, VITAMIN A PALMITATE, VITAMIN D2], STRAWBERRY ACAI REFRESHER BASE [WATER, SUGARS (SUGAR, WHITE GRAPE JUICE CONCENTRATE, FRUIT AND VEGETABLE JUICE CONCENTRATE FOR COLOR (SWEET POTATO, RADISH, APPLE, BLACKCURRANT, CHERRY)), CITRIC ACID, NATURAL FLAVORS, STEVIA EXTRACT (REBAUDIOSIDE-A)], MANGO DRAGONFRUIT REFRESHER BASE [WATER, SUGARS (SUGAR, WHITE GRAPE JUICE CONCENTRATE, FRUIT AND VEGETABLE JUICE CONCENTRATE FOR COLOR (CARROT, BLUEBERRY)), NATURAL FLAVORS, CITRIC ACID, STEVIA EXTRACT (REBAUDIOSIDE-A)], BLENDING POWDER [GUM ARABIC, MALTODEXTRIN, XANTHAN GUM, NATURAL FLAVOR, SILICA, STEVIA EXTRACT (REBAUDIOSIDE-A)], GREEN COFFEE EXTRACT BLEND [WATER, POTASSIUM DIHYDROGEN PHOSPHATE, COFFEE EXTRACT (FOR FLAVOR), CITRIC ACID, TRISODIUM CITRATE DIHYDRATE, POTASSIUM SORBATE, XANTHAN GUM, VITAMIN BLEND (NIACIN, CALCIUM PANTOTHENATE, PYRIDOXINE HYDROCHLORIDE, CYANOCOBALAMIN), NATURAL FLAVOR], FREEZE DRIED DRAGONFRUIT PIECES, FREEZE DRIED STRAWBERRIES.",,,Starbucks Official,https://www.starbucks.com/menu/product/40789/iced/nutrition,official,,,,,auto,2026-08-15 23:13:37
星巴克,Blended Blue Coconut Lemonade Refresher,蓝椰柠檬沁爽冰沙,清爽饮,Grande 16 fl oz,16.0,150.0,32.0,0.0,0.0,40.0,,,"ICE, STRAWBERRY ACAI REFRESHER BASE [WATER, SUGARS (SUGAR, WHITE GRAPE JUICE CONCENTRATE, FRUIT AND VEGETABLE JUICE CONCENTRATE FOR COLOR (SWEET POTATO, RADISH, APPLE, BLACKCURRANT, CHERRY)), CITRIC ACID, NATURAL FLAVORS, STEVIA EXTRACT (REBAUDIOSIDE-A)], LEMONADE [WATER, LEMON JUICE, SUGAR, LEMON OIL], TOASTED COCONUT SYRUP [WATER, SUGAR, NATURAL FLAVORS (COCONUT), CITRIC ACID, POTASSIUM SORBATE], BLENDING POWDER [GUM ARABIC, MALTODEXTRIN, XANTHAN GUM, NATURAL FLAVOR, SILICA, STEVIA EXTRACT (REBAUDIOSIDE-A)], GREEN COFFEE EXTRACT BLEND [WATER, POTASSIUM DIHYDROGEN PHOSPHATE, COFFEE EXTRACT (FOR FLAVOR), CITRIC ACID, TRISODIUM CITRATE DIHYDRATE, POTASSIUM SORBATE, XANTHAN GUM, VITAMIN BLEND (NIACIN, CALCIUM PANTOTHENATE, PYRIDOXINE HYDROCHLORIDE, CYANOCOBALAMIN), NATURAL FLAVOR], BLUE SWEET POWDER [SUGARS (CANE SUGAR, FRUIT AND VEGETABLE JUICE CONCENTRATE FOR COLOR (SPIRULINA, CARROT, HIBISCUS)), SPIRULINA POWDER, XANTHAN GUM, NATURAL FLAVOR, RICE HULLS, SOYBEAN OIL]",,,Starbucks Official,https://www.starbucks.com/menu/product/40794/iced/nutrition,official,,,,,auto,2026-08-15 23:13:41
星巴克,Blended Cannon Ball Drink,炮弹果饮冰沙,其他饮品,Grande 16 fl oz,16.0,150.0,28.0,0.0,1.0,40.0,,,"ICE, LEMONADE [WATER, LEMON JUICE, SUGAR, LEMON OIL], STRAWBERRY ACAI REFRESHER BASE [WATER, SUGARS (SUGAR, WHITE GRAPE JUICE CONCENTRATE, FRUIT AND VEGETABLE JUICE CONCENTRATE FOR COLOR (SWEET POTATO, RADISH, APPLE, BLACKCURRANT, CHERRY)), CITRIC ACID, NATURAL FLAVORS, STEVIA EXTRACT (REBAUDIOSIDE-A)], MANGO DRAGONFRUIT REFRESHER BASE [WATER, SUGARS (SUGAR, WHITE GRAPE JUICE CONCENTRATE, FRUIT AND VEGETABLE JUICE CONCENTRATE FOR COLOR (CARROT, BLUEBERRY)), NATURAL FLAVORS, CITRIC ACID, STEVIA EXTRACT (REBAUDIOSIDE-A)], BLENDING POWDER [GUM ARABIC, MALTODEXTRIN, XANTHAN GUM, NATURAL FLAVOR, SILICA, STEVIA EXTRACT (REBAUDIOSIDE-A)], GREEN COFFEE EXTRACT BLEND [WATER, POTASSIUM DIHYDROGEN PHOSPHATE, COFFEE EXTRACT (FOR FLAVOR), CITRIC ACID, TRISODIUM CITRATE DIHYDRATE, POTASSIUM SORBATE, XANTHAN GUM, VITAMIN BLEND (NIACIN, CALCIUM PANTOTHENATE, PYRIDOXINE HYDROCHLORIDE, CYANOCOBALAMIN), NATURAL FLAVOR], FREEZE DRIED DRAGONFRUIT PIECES, FREEZE DRIED STRAWBERRIES.",,,Starbucks Official,https://www.starbucks.com/menu/product/40799/iced/nutrition,official,,,,,auto,2026-08-15 23:13:49
星巴克,Passionfruit Guava Lemonade Refresher,百香果番石榴柠檬沁爽饮,清爽饮,Grande 16 fl oz,16.0,150.0,33.0,0.0,0.0,50.0,,,"ICE, TROPICAL PASSIONFRUIT GUAVA REFRESHER BASE [WATER, SUGARS (SUGAR, GRAPE JUICE CONCENTRATE, PASSION FRUIT JUICE CONCENTRATE, FRUIT AND VEGETABLE JUICE CONCENTRATE FOR COLOR (CHERRY, RADISH, APPLE, SWEET POTATO)), NATURAL FLAVORS, GUAVA PUREE, CITRIC ACID, SALT, XANTHAN GUM, STEVIA EXTRACT (REBAUDIOSIDE-A)], LEMONADE [WATER, LEMON JUICE, SUGAR, LEMON OIL], TROPICAL MANGO PINEAPPLE PEARLS [WATER, SUGAR, MODIFIED CORN STARCH, CALCIUM LACTATE, MALIC ACID, BETA-CAROTENE (FOR COLOR), NATURAL FLAVOR, SODIUM ALGINATE, CARRAGEENAN, POTASSIUM SORBATE, ASCORBIC ACID, SODIUM CITRATE], GREEN COFFEE EXTRACT BLEND [WATER, POTASSIUM DIHYDROGEN PHOSPHATE, COFFEE EXTRACT (FOR FLAVOR), CITRIC ACID, TRISODIUM CITRATE DIHYDRATE, POTASSIUM SORBATE, XANTHAN GUM, VITAMIN BLEND (NIACIN, CALCIUM PANTOTHENATE, PYRIDOXINE HYDROCHLORIDE, CYANOCOBALAMIN), NATURAL FLAVOR]",,,Starbucks Official,https://www.starbucks.com/menu/product/40992/iced/nutrition,official,,,,,auto,2026-08-15 23:14:01
库迪,鲜气杨梅库可冰,鲜气杨梅库可冰,冰沙甜品,大杯,15.216325426479788,149.0,,,,,,,图片标注默认不加糖；半糖增加23千卡，全糖增加46千卡；热饮约为冰饮热量的1.2倍,中国,,社交媒体数据整理,social://xiaohongshu/cotti/%E9%B2%9C%E6%B0%94%E6%9D%A8%E6%A2%85%E5%BA%93%E5%8F%AF%E5%86%B0/%E5%A4%A7%E6%9D%AF,social_media,小红书公开图片,1.0,149.0,149.0,user_provided_social_images,2026-08-16T07:01:08+08:00
库迪,胶原莓果冰茶,胶原莓果冰茶,果茶,超大杯,19.2740122068744,149.0,,,,,,,图片标注默认不加糖；半糖增加23千卡，全糖增加46千卡；热饮约为冰饮热量的1.2倍,中国,,社交媒体数据整理,social://xiaohongshu/cotti/%E8%83%B6%E5%8E%9F%E8%8E%93%E6%9E%9C%E5%86%B0%E8%8C%B6/%E8%B6%85%E5%A4%A7%E6%9D%AF,social_media,小红书公开图片,1.0,149.0,149.0,user_provided_social_images,2026-08-16T07:01:08+08:00
库迪,流云茉莉轻乳茶,流云茉莉轻乳茶,奶茶,超大杯,19.2740122068744,149.0,,,,,,,图片标注默认不加糖；半糖增加23千卡，全糖增加46千卡；热饮约为冰饮热量的1.2倍,中国,,社交媒体数据整理,social://xiaohongshu/cotti/%E6%B5%81%E4%BA%91%E8%8C%89%E8%8E%89%E8%BD%BB%E4%B9%B3%E8%8C%B6/%E8%B6%85%E5%A4%A7%E6%9D%AF,social_media,小红书公开图片,1.0,149.0,149.0,user_provided_social_images,2026-08-16T07:01:08+08:00
库迪,闪购茉莉拿铁,闪购茉莉拿铁,奶咖,超大杯,19.2740122068744,149.0,,,,,,,图片标注默认不加糖；半糖增加23千卡，全糖增加46千卡；热饮约为冰饮热量的1.2倍,中国,,社交媒体数据整理,social://xiaohongshu/cotti/%E9%97%AA%E8%B4%AD%E8%8C%89%E8%8E%89%E6%8B%BF%E9%93%81/%E8%B6%85%E5%A4%A7%E6%9D%AF,social_media,小红书公开图片,1.0,149.0,149.0,user_provided_social_images,2026-08-16T07:01:08+08:00
库迪,茉莉花香拿铁,茉莉花香拿铁,奶咖,超大杯,19.2740122068744,149.0,,,,,,,图片标注默认不加糖；半糖增加23千卡，全糖增加46千卡；热饮约为冰饮热量的1.2倍,中国,,社交媒体数据整理,social://xiaohongshu/cotti/%E8%8C%89%E8%8E%89%E8%8A%B1%E9%A6%99%E6%8B%BF%E9%93%81/%E8%B6%85%E5%A4%A7%E6%9D%AF,social_media,小红书公开图片,1.0,149.0,149.0,user_provided_social_images,2026-08-16T07:01:08+08:00
库迪,柚见气泡冰萃,柚见气泡冰萃,果咖,大杯,15.216325426479788,149.0,,,,,,,图片标注默认不加糖；半糖增加23千卡，全糖增加46千卡；热饮约为冰饮热量的1.2倍,中国,,社交媒体数据整理,social://xiaohongshu/cotti/%E6%9F%9A%E8%A7%81%E6%B0%94%E6%B3%A1%E5%86%B0%E8%90%83/%E5%A4%A7%E6%9D%AF,social_media,小红书公开图片,1.0,149.0,149.0,user_provided_social_images,2026-08-16T07:01:08+08:00
库迪,柚见美式,柚见美式,果咖,大杯,15.216325426479788,149.0,,,,,,,图片标注默认不加糖；半糖增加23千卡，全糖增加46千卡；热饮约为冰饮热量的1.2倍,中国,,社交媒体数据整理,social://xiaohongshu/cotti/%E6%9F%9A%E8%A7%81%E7%BE%8E%E5%BC%8F/%E5%A4%A7%E6%9D%AF,social_media,小红书公开图片,1.0,149.0,149.0,user_provided_social_images,2026-08-16T07:01:08+08:00
霸王茶姬,山野栀子,山野栀子,果饮,图片默认规格,,146.0,,,,,,,采用图片醒目标出的默认热量,中国,,社交媒体数据整理,social://user-images/%E9%9C%B8%E7%8E%8B%E8%8C%B6%E5%A7%AC/%E5%B1%B1%E9%87%8E%E6%A0%80%E5%AD%90,social_media,用户提供社交媒体图片,1.0,146.0,146.0,user_provided_social_images,2026-08-16T07:56:37+08:00
瑞幸,百香果C美式,百香果C美式,美式咖啡,,,146.0,,,,,,,,中国,,用户提供表格数据,official://luckin/calories/%E7%99%BE%E9%A6%99%E6%9E%9CC%E7%BE%8E%E5%BC%8F,official,瑞幸表格数据,1.0,146.0,146.0,spreadsheet_import,2026-08-16T07:01:08+08:00
古茗,桃桃冰冰季,桃桃冰冰季,果饮,中杯,,145.0,,,,,,,图片标注默认中杯、冰、不另外加糖；同名商品采用后图较新数值,中国,,社交媒体数据整理,social://user-images/%E5%8F%A4%E8%8C%97/%E6%A1%83%E6%A1%83%E5%86%B0%E5%86%B0%E5%AD%A3,social_media,用户提供社交媒体图片,1.0,145.0,145.0,user_provided_social_images,2026-08-16T07:56:37+08:00
库迪,潘帕斯蓝西柚水,潘帕斯蓝西柚水,无咖无茶,大杯,15.216325426479788,144.0,,,,,,,图片标注默认不加糖；半糖增加23千卡，全糖增加46千卡；热饮约为冰饮热量的1.2倍,中国,,社交媒体数据整理,social://xiaohongshu/cotti/%E6%BD%98%E5%B8%95%E6%96%AF%E8%93%9D%E8%A5%BF%E6%9F%9A%E6%B0%B4/%E5%A4%A7%E6%9D%AF,social_media,小红书公开图片,1.0,144.0,144.0,user_provided_social_images,2026-08-16T07:01:08+08:00
库迪,柚见手摇冰茶,柚见手摇冰茶,果茶,大杯,15.216325426479788,144.0,,,,,,,图片标注默认不加糖；半糖增加23千卡，全糖增加46千卡；热饮约为冰饮热量的1.2倍,中国,,社交媒体数据整理,social://xiaohongshu/cotti/%E6%9F%9A%E8%A7%81%E6%89%8B%E6%91%87%E5%86%B0%E8%8C%B6/%E5%A4%A7%E6%9D%AF,social_media,小红书公开图片,1.0,144.0,144.0,user_provided_social_images,2026-08-16T07:01:08+08:00
库迪,风味经典拿铁（香草）,风味经典拿铁（香草）,经典咖啡,中杯,11.834919776150945,144.0,,,,,,,图片标注默认不加糖；半糖增加23千卡，全糖增加46千卡；热饮约为冰饮热量的1.2倍,中国,,社交媒体数据整理,social://xiaohongshu/cotti/%E9%A3%8E%E5%91%B3%E7%BB%8F%E5%85%B8%E6%8B%BF%E9%93%81%EF%BC%88%E9%A6%99%E8%8D%89%EF%BC%89/%E4%B8%AD%E6%9D%AF,social_media,小红书公开图片,1.0,144.0,144.0,user_provided_social_images,2026-08-16T07:01:08+08:00
瑞幸,皇后限定苹果C美式,皇后限定苹果C美式,美式咖啡,,,144.0,,,,,,,,中国,,用户提供表格数据,official://luckin/calories/%E7%9A%87%E5%90%8E%E9%99%90%E5%AE%9A%E8%8B%B9%E6%9E%9CC%E7%BE%8E%E5%BC%8F,official,瑞幸表格数据,1.0,144.0,144.0,spreadsheet_import,2026-08-16T07:01:08+08:00
瑞幸,橙C冰茶,橙C冰茶,美式咖啡,,,144.0,,,,,,,,中国,,用户提供表格数据,official://luckin/calories/%E6%A9%99C%E5%86%B0%E8%8C%B6,official,瑞幸表格数据,1.0,144.0,144.0,spreadsheet_import,2026-08-16T07:01:08+08:00
霸王茶姬,青青糯山,青青糯山,果饮,图片默认规格,,143.0,,,,,,,采用图片醒目标出的默认热量,中国,,社交媒体数据整理,social://user-images/%E9%9C%B8%E7%8E%8B%E8%8C%B6%E5%A7%AC/%E9%9D%92%E9%9D%92%E7%B3%AF%E5%B1%B1,social_media,用户提供社交媒体图片,1.0,143.0,143.0,user_provided_social_images,2026-08-16T07:56:37+08:00
库迪,锡兰金杯牛乳茶,锡兰金杯牛乳茶,奶茶,超大杯,19.2740122068744,143.0,,,,,,,图片标注默认不加糖；半糖增加23千卡，全糖增加46千卡；热饮约为冰饮热量的1.2倍,中国,,社交媒体数据整理,social://xiaohongshu/cotti/%E9%94%A1%E5%85%B0%E9%87%91%E6%9D%AF%E7%89%9B%E4%B9%B3%E8%8C%B6/%E8%B6%85%E5%A4%A7%E6%9D%AF,social_media,小红书公开图片,1.0,143.0,143.0,user_provided_social_images,2026-08-16T07:01:08+08:00
库迪,活荔茉香轻乳茶,活荔茉香轻乳茶,奶茶,超大杯,19.2740122068744,143.0,,,,,,,图片标注默认不加糖；半糖增加23千卡，全糖增加46千卡；热饮约为冰饮热量的1.2倍,中国,,社交媒体数据整理,social://xiaohongshu/cotti/%E6%B4%BB%E8%8D%94%E8%8C%89%E9%A6%99%E8%BD%BB%E4%B9%B3%E8%8C%B6/%E8%B6%85%E5%A4%A7%E6%9D%AF,social_media,小红书公开图片,1.0,143.0,143.0,user_provided_social_images,2026-08-16T07:01:08+08:00
古茗,西瓜椰椰,西瓜椰椰,果饮,中杯,,142.0,,,,,,,图片标注默认中杯、冰、不另外加糖；同名商品采用后图较新数值,中国,,社交媒体数据整理,social://user-images/%E5%8F%A4%E8%8C%97/%E8%A5%BF%E7%93%9C%E6%A4%B0%E6%A4%B0,social_media,用户提供社交媒体图片,1.0,142.0,142.0,user_provided_social_images,2026-08-16T07:56:37+08:00
古茗,茉莉奶绿,茉莉奶绿,奶茶,中杯,,142.0,,,,,,,图片标注默认中杯、冰、不另外加糖；同名商品采用后图较新数值,中国,,社交媒体数据整理,social://user-images/%E5%8F%A4%E8%8C%97/%E8%8C%89%E8%8E%89%E5%A5%B6%E7%BB%BF,social_media,用户提供社交媒体图片,1.0,142.0,142.0,user_provided_social_images,2026-08-16T07:56:37+08:00
霸王茶姬,万里木兰,万里木兰,果饮,图片默认规格,,142.0,,,,,,,采用图片醒目标出的默认热量,中国,,社交媒体数据整理,social://user-images/%E9%9C%B8%E7%8E%8B%E8%8C%B6%E5%A7%AC/%E4%B8%87%E9%87%8C%E6%9C%A8%E5%85%B0,social_media,用户提供社交媒体图片,1.0,142.0,142.0,user_provided_social_images,2026-08-16T07:56:37+08:00
瑞幸,拿铁,拿铁,拿铁,,,142.0,,,,,,,,中国,,用户提供表格数据,official://luckin/calories/%E6%8B%BF%E9%93%81,official,瑞幸表格数据,1.0,142.0,142.0,spreadsheet_import,2026-08-16T07:01:08+08:00
瑞幸,抹茶好喝椰,抹茶好喝椰,拿铁,,,142.0,,,,,,,,中国,,用户提供表格数据,official://luckin/calories/%E6%8A%B9%E8%8C%B6%E5%A5%BD%E5%96%9D%E6%A4%B0,official,瑞幸表格数据,1.0,142.0,142.0,spreadsheet_import,2026-08-16T07:01:08+08:00
古茗,冰咖小黄柠,冰咖小黄柠,咖啡,中杯,,141.0,,,,,,,图片标注默认中杯、冰、不另外加糖；同名商品采用后图较新数值,中国,,社交媒体数据整理,social://user-images/%E5%8F%A4%E8%8C%97/%E5%86%B0%E5%92%96%E5%B0%8F%E9%BB%84%E6%9F%A0,social_media,用户提供社交媒体图片,1.0,141.0,141.0,user_provided_social_images,2026-08-16T07:56:37+08:00
古茗,云岭茉莉白,云岭茉莉白,茶饮,中杯,,141.0,,,,,,,图片标注默认中杯、冰、不另外加糖；同名商品采用后图较新数值,中国,,社交媒体数据整理,social://user-images/%E5%8F%A4%E8%8C%97/%E4%BA%91%E5%B2%AD%E8%8C%89%E8%8E%89%E7%99%BD,social_media,用户提供社交媒体图片,1.0,141.0,141.0,user_provided_social_images,2026-08-16T07:56:37+08:00
霸王茶姬,万象春和,万象春和,茶饮,图片默认规格,,140.0,,,,,,,采用图片醒目标出的默认热量,中国,,社交媒体数据整理,social://user-images/%E9%9C%B8%E7%8E%8B%E8%8C%B6%E5%A7%AC/%E4%B8%87%E8%B1%A1%E6%98%A5%E5%92%8C,social_media,用户提供社交媒体图片,1.0,140.0,140.0,user_provided_social_images,2026-08-16T07:56:37+08:00
库迪,柚杏美式,柚杏美式,果咖,中杯,11.834919776150945,140.0,,,,,,,图片标注默认不加糖；半糖增加23千卡，全糖增加46千卡；热饮约为冰饮热量的1.2倍,中国,,社交媒体数据整理,social://xiaohongshu/cotti/%E6%9F%9A%E6%9D%8F%E7%BE%8E%E5%BC%8F/%E4%B8%AD%E6%9D%AF,social_media,小红书公开图片,1.0,140.0,140.0,user_provided_social_images,2026-08-16T07:01:08+08:00
库迪,经典拿铁,经典拿铁,经典咖啡,大杯,15.216325426479788,140.0,,,,,,,图片标注默认不加糖；半糖增加23千卡，全糖增加46千卡；热饮约为冰饮热量的1.2倍,中国,,社交媒体数据整理,social://xiaohongshu/cotti/%E7%BB%8F%E5%85%B8%E6%8B%BF%E9%93%81/%E5%A4%A7%E6%9D%AF,social_media,小红书公开图片,1.0,140.0,140.0,user_provided_social_images,2026-08-16T07:01:08+08:00
星巴克,Pink Drink,粉红椰乳饮,其他饮品,Grande 16 fl oz,16.0,140.0,25.0,2.5,0.0,50.0,,,"ICE, STRAWBERRY ACAI REFRESHER BASE [WATER, SUGARS (SUGAR, WHITE GRAPE JUICE CONCENTRATE, FRUIT AND VEGETABLE JUICE CONCENTRATE FOR COLOR (SWEET POTATO, RADISH, APPLE, BLACKCURRANT, CHERRY)), CITRIC ACID, NATURAL FLAVORS, STEVIA EXTRACT (REBAUDIOSIDE-A)], COCONUTMILK [WATER, COCONUT CREAM, CANE SUGAR, TRICALCIUM PHOSPHATE, COCONUT WATER CONCENTRATE, NATURAL FLAVORS, SEA SALT, XANTHAN GUM, PECTIN, GELLAN GUM, GUAR GUM, VITAMIN A PALMITATE, VITAMIN D2], GREEN COFFEE EXTRACT BLEND [WATER, POTASSIUM DIHYDROGEN PHOSPHATE, COFFEE EXTRACT (FOR FLAVOR), CITRIC ACID, TRISODIUM CITRATE DIHYDRATE, POTASSIUM SORBATE, XANTHAN GUM, VITAMIN BLEND (NIACIN, CALCIUM PANTOTHENATE, PYRIDOXINE HYDROCHLORIDE, CYANOCOBALAMIN), NATURAL FLAVOR], FREEZE DRIED STRAWBERRIES.",,,Starbucks Official,https://www.starbucks.com/menu/product/2122275/iced/nutrition,official,,,,,auto,2026-08-15 22:51:57
星巴克,Strawberry Açaí Lemonade Refresher,草莓巴西莓柠檬沁爽饮,清爽饮,Grande 16 fl oz,16.0,140.0,32.0,0.0,0.0,50.0,,,"ICE, STRAWBERRY ACAI REFRESHER BASE [WATER, SUGARS (SUGAR, WHITE GRAPE JUICE CONCENTRATE, FRUIT AND VEGETABLE JUICE CONCENTRATE FOR COLOR (SWEET POTATO, RADISH, APPLE, BLACKCURRANT, CHERRY)), CITRIC ACID, NATURAL FLAVORS, STEVIA EXTRACT (REBAUDIOSIDE-A)], LEMONADE [WATER, LEMON JUICE, SUGAR, LEMON OIL], GREEN COFFEE EXTRACT BLEND [WATER, POTASSIUM DIHYDROGEN PHOSPHATE, COFFEE EXTRACT (FOR FLAVOR), CITRIC ACID, TRISODIUM CITRATE DIHYDRATE, POTASSIUM SORBATE, XANTHAN GUM, VITAMIN BLEND (NIACIN, CALCIUM PANTOTHENATE, PYRIDOXINE HYDROCHLORIDE, CYANOCOBALAMIN), NATURAL FLAVOR], FREEZE DRIED STRAWBERRIES.",,,Starbucks Official,https://www.starbucks.com/menu/product/2122677/iced/nutrition,official,,,,,auto,2026-08-15 22:52:02
星巴克,Mango Dragonfruit Lemonade Refresher,芒果火龙果柠檬沁爽饮,清爽饮,Grande 16 fl oz,16.0,140.0,31.0,0.0,0.0,50.0,,,"ICE, MANGO DRAGONFRUIT REFRESHER BASE [WATER, SUGARS (SUGAR, WHITE GRAPE JUICE CONCENTRATE, FRUIT AND VEGETABLE JUICE CONCENTRATE FOR COLOR (CARROT, BLUEBERRY)), NATURAL FLAVORS, CITRIC ACID, STEVIA EXTRACT (REBAUDIOSIDE-A)], LEMONADE [WATER, LEMON JUICE, SUGAR, LEMON OIL], GREEN COFFEE EXTRACT BLEND [WATER, POTASSIUM DIHYDROGEN PHOSPHATE, COFFEE EXTRACT (FOR FLAVOR), CITRIC ACID, TRISODIUM CITRATE DIHYDRATE, POTASSIUM SORBATE, XANTHAN GUM, VITAMIN BLEND (NIACIN, CALCIUM PANTOTHENATE, PYRIDOXINE HYDROCHLORIDE, CYANOCOBALAMIN), NATURAL FLAVOR], FREEZE DRIED DRAGONFRUIT PIECES.",,,Starbucks Official,https://www.starbucks.com/menu/product/2122726/iced/nutrition,official,,,,,auto,2026-08-15 22:52:12
星巴克,Dragon Drink®,火龙果椰乳饮,其他饮品,Grande 16 fl oz,16.0,140.0,24.0,3.0,1.0,50.0,,,"ICE, MANGO DRAGONFRUIT REFRESHER BASE [WATER, SUGARS (SUGAR, WHITE GRAPE JUICE CONCENTRATE, FRUIT AND VEGETABLE JUICE CONCENTRATE FOR COLOR (CARROT, BLUEBERRY)), NATURAL FLAVORS, CITRIC ACID, STEVIA EXTRACT (REBAUDIOSIDE-A)], COCONUTMILK [WATER, COCONUT CREAM, CANE SUGAR, TRICALCIUM PHOSPHATE, COCONUT WATER CONCENTRATE, NATURAL FLAVORS, SEA SALT, XANTHAN GUM, PECTIN, GELLAN GUM, GUAR GUM, VITAMIN A PALMITATE, VITAMIN D2], GREEN COFFEE EXTRACT BLEND [WATER, POTASSIUM DIHYDROGEN PHOSPHATE, COFFEE EXTRACT (FOR FLAVOR), CITRIC ACID, TRISODIUM CITRATE DIHYDRATE, POTASSIUM SORBATE, XANTHAN GUM, VITAMIN BLEND (NIACIN, CALCIUM PANTOTHENATE, PYRIDOXINE HYDROCHLORIDE, CYANOCOBALAMIN), NATURAL FLAVOR], FREEZE DRIED DRAGONFRUIT PIECES.",,,Starbucks Official,https://www.starbucks.com/menu/product/2122756/iced/nutrition,official,,,,,auto,2026-08-15 22:52:17
星巴克,Blended Strawberry Açaí Lemonade Refresher,草莓巴西莓柠檬沁爽冰沙,清爽饮,Grande 16 fl oz,16.0,140.0,26.0,0.0,0.0,40.0,,,"ICE, STRAWBERRY ACAI REFRESHER BASE [WATER, SUGARS (SUGAR, WHITE GRAPE JUICE CONCENTRATE, FRUIT AND VEGETABLE JUICE CONCENTRATE FOR COLOR (SWEET POTATO, RADISH, APPLE, BLACKCURRANT, CHERRY)), CITRIC ACID, NATURAL FLAVORS, STEVIA EXTRACT (REBAUDIOSIDE-A)], LEMONADE [WATER, LEMON JUICE, SUGAR, LEMON OIL], BLENDING POWDER [GUM ARABIC, MALTODEXTRIN, XANTHAN GUM, NATURAL FLAVOR, SILICA, STEVIA EXTRACT (REBAUDIOSIDE-A)], GREEN COFFEE EXTRACT BLEND [WATER, POTASSIUM DIHYDROGEN PHOSPHATE, COFFEE EXTRACT (FOR FLAVOR), CITRIC ACID, TRISODIUM CITRATE DIHYDRATE, POTASSIUM SORBATE, XANTHAN GUM, VITAMIN BLEND (NIACIN, CALCIUM PANTOTHENATE, PYRIDOXINE HYDROCHLORIDE, CYANOCOBALAMIN), NATURAL FLAVOR], FREEZE DRIED STRAWBERRIES.",,,Starbucks Official,https://www.starbucks.com/menu/product/40743/iced/nutrition,official,,,,,auto,2026-08-15 23:13:12
星巴克,Blended Mango Dragonfruit Lemonade Refresher,芒果火龙果柠檬沁爽冰沙,清爽饮,Grande 16 fl oz,16.0,140.0,26.0,0.0,1.0,40.0,,,"ICE, MANGO DRAGONFRUIT REFRESHER BASE [WATER, SUGARS (SUGAR, WHITE GRAPE JUICE CONCENTRATE, FRUIT AND VEGETABLE JUICE CONCENTRATE FOR COLOR (CARROT, BLUEBERRY)), NATURAL FLAVORS, CITRIC ACID, STEVIA EXTRACT (REBAUDIOSIDE-A)], LEMONADE [WATER, LEMON JUICE, SUGAR, LEMON OIL], BLENDING POWDER [GUM ARABIC, MALTODEXTRIN, XANTHAN GUM, NATURAL FLAVOR, SILICA, STEVIA EXTRACT (REBAUDIOSIDE-A)], GREEN COFFEE EXTRACT BLEND [WATER, POTASSIUM DIHYDROGEN PHOSPHATE, COFFEE EXTRACT (FOR FLAVOR), CITRIC ACID, TRISODIUM CITRATE DIHYDRATE, POTASSIUM SORBATE, XANTHAN GUM, VITAMIN BLEND (NIACIN, CALCIUM PANTOTHENATE, PYRIDOXINE HYDROCHLORIDE, CYANOCOBALAMIN), NATURAL FLAVOR], FREEZE DRIED DRAGONFRUIT PIECES.",,,Starbucks Official,https://www.starbucks.com/menu/product/40745/iced/nutrition,official,,,,,auto,2026-08-15 23:13:21
星巴克,Blended Ocean Drink,海洋椰乳冰沙,其他饮品,Grande 16 fl oz,16.0,140.0,24.0,2.0,0.0,40.0,,,"ICE, STRAWBERRY ACAI REFRESHER BASE [WATER, SUGARS (SUGAR, WHITE GRAPE JUICE CONCENTRATE, FRUIT AND VEGETABLE JUICE CONCENTRATE FOR COLOR (SWEET POTATO, RADISH, APPLE, BLACKCURRANT, CHERRY)), CITRIC ACID, NATURAL FLAVORS, STEVIA EXTRACT (REBAUDIOSIDE-A)], COCONUTMILK [WATER, COCONUT CREAM, CANE SUGAR, TRICALCIUM PHOSPHATE, COCONUT WATER CONCENTRATE, NATURAL FLAVORS, SEA SALT, XANTHAN GUM, PECTIN, GELLAN GUM, GUAR GUM, VITAMIN A PALMITATE, VITAMIN D2], TOASTED COCONUT SYRUP [WATER, SUGAR, NATURAL FLAVORS (COCONUT), CITRIC ACID, POTASSIUM SORBATE], BLENDING POWDER [GUM ARABIC, MALTODEXTRIN, XANTHAN GUM, NATURAL FLAVOR, SILICA, STEVIA EXTRACT (REBAUDIOSIDE-A)], GREEN COFFEE EXTRACT BLEND [WATER, POTASSIUM DIHYDROGEN PHOSPHATE, COFFEE EXTRACT (FOR FLAVOR), CITRIC ACID, TRISODIUM CITRATE DIHYDRATE, POTASSIUM SORBATE, XANTHAN GUM, VITAMIN BLEND (NIACIN, CALCIUM PANTOTHENATE, PYRIDOXINE HYDROCHLORIDE, CYANOCOBALAMIN), NATURAL FLAVOR], BLUE SWEET POWDER [SUGARS (CANE SUGAR, FRUIT AND VEGETABLE JUICE CONCENTRATE FOR COLOR (SPIRULINA, CARROT, HIBISCUS)), SPIRULINA POWDER, XANTHAN GUM, NATURAL FLAVOR, RICE HULLS, SOYBEAN OIL]",,,Starbucks Official,https://www.starbucks.com/menu/product/40795/iced/nutrition,official,,,,,auto,2026-08-15 23:13:45
星巴克,Island Colada Drink,海岛可乐达饮,其他饮品,Grande 16 fl oz,16.0,140.0,26.0,2.5,0.0,50.0,,,"ICE, TROPICAL PASSIONFRUIT GUAVA REFRESHER BASE [WATER, SUGARS (SUGAR, GRAPE JUICE CONCENTRATE, PASSION FRUIT JUICE CONCENTRATE, FRUIT AND VEGETABLE JUICE CONCENTRATE FOR COLOR (CHERRY, RADISH, APPLE, SWEET POTATO)), NATURAL FLAVORS, GUAVA PUREE, CITRIC ACID, SALT, XANTHAN GUM, STEVIA EXTRACT (REBAUDIOSIDE-A)], COCONUTMILK [WATER, COCONUT CREAM, CANE SUGAR, TRICALCIUM PHOSPHATE, COCONUT WATER CONCENTRATE, NATURAL FLAVORS, SEA SALT, XANTHAN GUM, PECTIN, GELLAN GUM, GUAR GUM, VITAMIN A PALMITATE, VITAMIN D2], TROPICAL MANGO PINEAPPLE PEARLS [WATER, SUGAR, MODIFIED CORN STARCH, CALCIUM LACTATE, MALIC ACID, BETA-CAROTENE (FOR COLOR), NATURAL FLAVOR, SODIUM ALGINATE, CARRAGEENAN, POTASSIUM SORBATE, ASCORBIC ACID, SODIUM CITRATE], GREEN COFFEE EXTRACT BLEND [WATER, POTASSIUM DIHYDROGEN PHOSPHATE, COFFEE EXTRACT (FOR FLAVOR), CITRIC ACID, TRISODIUM CITRATE DIHYDRATE, POTASSIUM SORBATE, XANTHAN GUM, VITAMIN BLEND (NIACIN, CALCIUM PANTOTHENATE, PYRIDOXINE HYDROCHLORIDE, CYANOCOBALAMIN), NATURAL FLAVOR]",,,Starbucks Official,https://www.starbucks.com/menu/product/41000/iced/nutrition,official,,,,,auto,2026-08-15 23:14:18
霸王茶姬,乾隆一号,乾隆一号,果饮,图片默认规格,,139.0,,,,,,,采用图片醒目标出的默认热量,中国,,社交媒体数据整理,social://user-images/%E9%9C%B8%E7%8E%8B%E8%8C%B6%E5%A7%AC/%E4%B9%BE%E9%9A%86%E4%B8%80%E5%8F%B7,social_media,用户提供社交媒体图片,1.0,139.0,139.0,user_provided_social_images,2026-08-16T07:56:37+08:00
瑞幸,柚C美式,柚C美式,美式咖啡,,,139.0,,,,,,,,中国,,用户提供表格数据,official://luckin/calories/%E6%9F%9AC%E7%BE%8E%E5%BC%8F,official,瑞幸表格数据,1.0,139.0,139.0,spreadsheet_import,2026-08-16T07:01:08+08:00
古茗,100%苹果汁,100%苹果汁,果饮,中杯,,137.0,,,,,,,图片标注默认中杯、冰、不另外加糖；同名商品采用后图较新数值,中国,,社交媒体数据整理,social://user-images/%E5%8F%A4%E8%8C%97/100%25%E8%8B%B9%E6%9E%9C%E6%B1%81,social_media,用户提供社交媒体图片,1.0,137.0,137.0,user_provided_social_images,2026-08-16T07:56:37+08:00
库迪,活荔轻椰水,活荔轻椰水,无咖无茶,超大杯,19.2740122068744,137.0,,,,,,,图片标注默认不加糖；半糖增加23千卡，全糖增加46千卡；热饮约为冰饮热量的1.2倍,中国,,社交媒体数据整理,social://xiaohongshu/cotti/%E6%B4%BB%E8%8D%94%E8%BD%BB%E6%A4%B0%E6%B0%B4/%E8%B6%85%E5%A4%A7%E6%9D%AF,social_media,小红书公开图片,1.0,137.0,137.0,user_provided_social_images,2026-08-16T07:01:08+08:00
库迪,杏皮气泡冰萃,杏皮气泡冰萃,果咖,中杯,11.834919776150945,137.0,,,,,,,图片标注默认不加糖；半糖增加23千卡，全糖增加46千卡；热饮约为冰饮热量的1.2倍,中国,,社交媒体数据整理,social://xiaohongshu/cotti/%E6%9D%8F%E7%9A%AE%E6%B0%94%E6%B3%A1%E5%86%B0%E8%90%83/%E4%B8%AD%E6%9D%AF,social_media,小红书公开图片,1.0,137.0,137.0,user_provided_social_images,2026-08-16T07:01:08+08:00
瑞幸,柚C冰茶,柚C冰茶,美式咖啡,,,137.0,,,,,,,,中国,,用户提供表格数据,official://luckin/calories/%E6%9F%9AC%E5%86%B0%E8%8C%B6,official,瑞幸表格数据,1.0,137.0,137.0,spreadsheet_import,2026-08-16T07:01:08+08:00
古茗,维A果蔬瓶,维A果蔬瓶,果饮,中杯,,136.0,,,,,,,图片标注默认中杯、冰、不另外加糖；同名商品采用后图较新数值,中国,,社交媒体数据整理,social://user-images/%E5%8F%A4%E8%8C%97/%E7%BB%B4A%E6%9E%9C%E8%94%AC%E7%93%B6,social_media,用户提供社交媒体图片,1.0,136.0,136.0,user_provided_social_images,2026-08-16T07:56:37+08:00
霸王茶姬,晴山栖谷,晴山栖谷,果饮,图片默认规格,,136.0,,,,,,,采用图片醒目标出的默认热量,中国,,社交媒体数据整理,social://user-images/%E9%9C%B8%E7%8E%8B%E8%8C%B6%E5%A7%AC/%E6%99%B4%E5%B1%B1%E6%A0%96%E8%B0%B7,social_media,用户提供社交媒体图片,1.0,136.0,136.0,user_provided_social_images,2026-08-16T07:56:37+08:00
霸王茶姬,一骑红尘,一骑红尘,果饮,图片默认规格,,135.0,,,,,,,采用图片醒目标出的默认热量,中国,,社交媒体数据整理,social://user-images/%E9%9C%B8%E7%8E%8B%E8%8C%B6%E5%A7%AC/%E4%B8%80%E9%AA%91%E7%BA%A2%E5%B0%98,social_media,用户提供社交媒体图片,1.0,135.0,135.0,user_provided_social_images,2026-08-16T07:56:37+08:00
霸王茶姬,醒时春山,醒时春山,茶饮,图片默认规格,,135.0,,,,,,,采用图片醒目标出的默认热量,中国,,社交媒体数据整理,social://user-images/%E9%9C%B8%E7%8E%8B%E8%8C%B6%E5%A7%AC/%E9%86%92%E6%97%B6%E6%98%A5%E5%B1%B1,social_media,用户提供社交媒体图片,1.0,135.0,135.0,user_provided_social_images,2026-08-16T07:56:37+08:00
库迪,橙C气泡冰萃,橙C气泡冰萃,果咖,大杯,15.216325426479788,135.0,,,,,,,图片标注默认不加糖；半糖增加23千卡，全糖增加46千卡；热饮约为冰饮热量的1.2倍,中国,,社交媒体数据整理,social://xiaohongshu/cotti/%E6%A9%99C%E6%B0%94%E6%B3%A1%E5%86%B0%E8%90%83/%E5%A4%A7%E6%9D%AF,social_media,小红书公开图片,1.0,135.0,135.0,user_provided_social_images,2026-08-16T07:01:08+08:00
库迪,橙C美式,橙C美式,果咖,大杯,15.216325426479788,135.0,,,,,,,图片标注默认不加糖；半糖增加23千卡，全糖增加46千卡；热饮约为冰饮热量的1.2倍,中国,,社交媒体数据整理,social://xiaohongshu/cotti/%E6%A9%99C%E7%BE%8E%E5%BC%8F/%E5%A4%A7%E6%9D%AF,social_media,小红书公开图片,1.0,135.0,135.0,user_provided_social_images,2026-08-16T07:01:08+08:00
库迪,西西里美式,西西里美式,果咖,大杯,15.216325426479788,135.0,,,,,,,图片标注默认不加糖；半糖增加23千卡，全糖增加46千卡；热饮约为冰饮热量的1.2倍,中国,,社交媒体数据整理,social://xiaohongshu/cotti/%E8%A5%BF%E8%A5%BF%E9%87%8C%E7%BE%8E%E5%BC%8F/%E5%A4%A7%E6%9D%AF,social_media,小红书公开图片,1.0,135.0,135.0,user_provided_social_images,2026-08-16T07:01:08+08:00
库迪,阳光青提美式,阳光青提美式,果咖,大杯,15.216325426479788,135.0,,,,,,,图片标注默认不加糖；半糖增加23千卡，全糖增加46千卡；热饮约为冰饮热量的1.2倍,中国,,社交媒体数据整理,social://xiaohongshu/cotti/%E9%98%B3%E5%85%89%E9%9D%92%E6%8F%90%E7%BE%8E%E5%BC%8F/%E5%A4%A7%E6%9D%AF,social_media,小红书公开图片,1.0,135.0,135.0,user_provided_social_images,2026-08-16T07:01:08+08:00
库迪,精粹澳白,精粹澳白,经典咖啡,大杯,15.216325426479788,135.0,,,,,,,图片标注默认不加糖；半糖增加23千卡，全糖增加46千卡；热饮约为冰饮热量的1.2倍,中国,,社交媒体数据整理,social://xiaohongshu/cotti/%E7%B2%BE%E7%B2%B9%E6%BE%B3%E7%99%BD/%E5%A4%A7%E6%9D%AF,social_media,小红书公开图片,1.0,135.0,135.0,user_provided_social_images,2026-08-16T07:01:08+08:00
古茗,桃桃糯米酸奶,桃桃糯米酸奶,其他饮品,中杯,,133.0,,,,,,,图片标注默认中杯、冰、不另外加糖；同名商品采用后图较新数值,中国,,社交媒体数据整理,social://user-images/%E5%8F%A4%E8%8C%97/%E6%A1%83%E6%A1%83%E7%B3%AF%E7%B1%B3%E9%85%B8%E5%A5%B6,social_media,用户提供社交媒体图片,1.0,133.0,133.0,user_provided_social_images,2026-08-16T07:56:37+08:00
古茗,芭乐冰奶,芭乐冰奶,果饮,中杯,,133.0,,,,,,,图片标注默认中杯、冰、不另外加糖；同名商品采用后图较新数值,中国,,社交媒体数据整理,social://user-images/%E5%8F%A4%E8%8C%97/%E8%8A%AD%E4%B9%90%E5%86%B0%E5%A5%B6,social_media,用户提供社交媒体图片,1.0,133.0,133.0,user_provided_social_images,2026-08-16T07:56:37+08:00
库迪,活荔美式,活荔美式,果咖,超大杯,19.2740122068744,132.0,,,,,,,图片标注默认不加糖；半糖增加23千卡，全糖增加46千卡；热饮约为冰饮热量的1.2倍,中国,,社交媒体数据整理,social://xiaohongshu/cotti/%E6%B4%BB%E8%8D%94%E7%BE%8E%E5%BC%8F/%E8%B6%85%E5%A4%A7%E6%9D%AF,social_media,小红书公开图片,1.0,132.0,132.0,user_provided_social_images,2026-08-16T07:01:08+08:00
霸王茶姬,玫瑰丛中,玫瑰丛中,果饮,图片默认规格,,131.0,,,,,,,采用图片醒目标出的默认热量,中国,,社交媒体数据整理,social://user-images/%E9%9C%B8%E7%8E%8B%E8%8C%B6%E5%A7%AC/%E7%8E%AB%E7%91%B0%E4%B8%9B%E4%B8%AD,social_media,用户提供社交媒体图片,1.0,131.0,131.0,user_provided_social_images,2026-08-16T07:56:37+08:00
瑞幸,柠C冰茶,柠C冰茶,美式咖啡,,,131.0,,,,,,,,中国,,用户提供表格数据,official://luckin/calories/%E6%9F%A0C%E5%86%B0%E8%8C%B6,official,瑞幸表格数据,1.0,131.0,131.0,spreadsheet_import,2026-08-16T07:01:08+08:00
霸王茶姬,伯牙绝弦,伯牙绝弦,果饮,图片默认规格,,130.0,,,,,,,采用图片醒目标出的默认热量,中国,,社交媒体数据整理,social://user-images/%E9%9C%B8%E7%8E%8B%E8%8C%B6%E5%A7%AC/%E4%BC%AF%E7%89%99%E7%BB%9D%E5%BC%A6,social_media,用户提供社交媒体图片,1.0,130.0,130.0,user_provided_social_images,2026-08-16T07:56:37+08:00
星巴克,Honey Citrus Mint Tea,蜂蜜柑橘薄荷茶,茶饮,Grande 16 fl oz,16.0,130.0,30.0,0.0,0.0,16.0,,,"AN INFUSION OF [WATER, APPLE, GREEN TEA, ROSE HIPS, LEMON VERBENA, SPEARMINT, NATURAL FLAVOR, CHAMOMILE FLOWERS, LICORICE, LEMONGRASS], LEMONADE [WATER, LEMON JUICE, SUGAR, LEMON OIL], HONEY BLEND [HONEY, WATER, NATURAL FLAVORS, POTASSIUM SORBATE, XANTHAN GUM, CITRIC ACID]",,,Starbucks Official,https://www.starbucks.com/menu/product/2122274/hot/nutrition,official,,,,,seed,2026-08-15 22:51:51
星巴克,Iced Caffè Latte,冰拿铁,咖啡,Grande 16 fl oz,16.0,130.0,11.0,4.5,8.0,150.0,,,"Milk, Ice, Brewed Espresso.",,,Starbucks Official,https://www.starbucks.com/menu/product/407/iced/nutrition,official,,,,,seed,2026-08-15 23:13:08
星巴克,Blended Pink Drink,粉红椰乳冰沙,其他饮品,Grande 16 fl oz,16.0,130.0,21.0,2.5,1.0,40.0,,,"ICE, STRAWBERRY ACAI REFRESHER BASE [WATER, SUGARS (SUGAR, WHITE GRAPE JUICE CONCENTRATE, FRUIT AND VEGETABLE JUICE CONCENTRATE FOR COLOR (SWEET POTATO, RADISH, APPLE, BLACKCURRANT, CHERRY)), CITRIC ACID, NATURAL FLAVORS, STEVIA EXTRACT (REBAUDIOSIDE-A)], COCONUTMILK [WATER, COCONUT CREAM, CANE SUGAR, TRICALCIUM PHOSPHATE, COCONUT WATER CONCENTRATE, NATURAL FLAVORS, SEA SALT, XANTHAN GUM, PECTIN, GELLAN GUM, GUAR GUM, VITAMIN A PALMITATE, VITAMIN D2], BLENDING POWDER [GUM ARABIC, MALTODEXTRIN, XANTHAN GUM, NATURAL FLAVOR, SILICA, STEVIA EXTRACT (REBAUDIOSIDE-A)], GREEN COFFEE EXTRACT BLEND [WATER, POTASSIUM DIHYDROGEN PHOSPHATE, COFFEE EXTRACT (FOR FLAVOR), CITRIC ACID, TRISODIUM CITRATE DIHYDRATE, POTASSIUM SORBATE, XANTHAN GUM, VITAMIN BLEND (NIACIN, CALCIUM PANTOTHENATE, PYRIDOXINE HYDROCHLORIDE, CYANOCOBALAMIN), NATURAL FLAVOR], FREEZE DRIED STRAWBERRIES.",,,Starbucks Official,https://www.starbucks.com/menu/product/40744/iced/nutrition,official,,,,,auto,2026-08-15 23:13:16
星巴克,Blended Dragon Drink®,火龙果椰乳冰沙,其他饮品,Grande 16 fl oz,16.0,130.0,20.0,2.5,1.0,40.0,,,"ICE, MANGO DRAGONFRUIT REFRESHER BASE [WATER, SUGARS (SUGAR, WHITE GRAPE JUICE CONCENTRATE, FRUIT AND VEGETABLE JUICE CONCENTRATE FOR COLOR (CARROT, BLUEBERRY)), NATURAL FLAVORS, CITRIC ACID, STEVIA EXTRACT (REBAUDIOSIDE-A)], COCONUTMILK [WATER, COCONUT CREAM, CANE SUGAR, TRICALCIUM PHOSPHATE, COCONUT WATER CONCENTRATE, NATURAL FLAVORS, SEA SALT, XANTHAN GUM, PECTIN, GELLAN GUM, GUAR GUM, VITAMIN A PALMITATE, VITAMIN D2], BLENDING POWDER [GUM ARABIC, MALTODEXTRIN, XANTHAN GUM, NATURAL FLAVOR, SILICA, STEVIA EXTRACT (REBAUDIOSIDE-A)], GREEN COFFEE EXTRACT BLEND [WATER, POTASSIUM DIHYDROGEN PHOSPHATE, COFFEE EXTRACT (FOR FLAVOR), CITRIC ACID, TRISODIUM CITRATE DIHYDRATE, POTASSIUM SORBATE, XANTHAN GUM, VITAMIN BLEND (NIACIN, CALCIUM PANTOTHENATE, PYRIDOXINE HYDROCHLORIDE, CYANOCOBALAMIN), NATURAL FLAVOR], FREEZE DRIED DRAGONFRUIT PIECES.",,,Starbucks Official,https://www.starbucks.com/menu/product/40746/iced/nutrition,official,,,,,auto,2026-08-15 23:13:25
霸王茶姬,金乌扶摇,金乌扶摇,果饮,图片默认规格,,129.0,,,,,,,采用图片醒目标出的默认热量,中国,,社交媒体数据整理,social://user-images/%E9%9C%B8%E7%8E%8B%E8%8C%B6%E5%A7%AC/%E9%87%91%E4%B9%8C%E6%89%B6%E6%91%87,social_media,用户提供社交媒体图片,1.0,129.0,129.0,user_provided_social_images,2026-08-16T07:56:37+08:00
瑞幸,小青桔C美式,小青桔C美式,美式咖啡,,,127.0,,,,,,,,中国,,用户提供表格数据,official://luckin/calories/%E5%B0%8F%E9%9D%92%E6%A1%94C%E7%BE%8E%E5%BC%8F,official,瑞幸表格数据,1.0,127.0,127.0,spreadsheet_import,2026-08-16T07:01:08+08:00
库迪,杏皮水,杏皮水,无咖无茶,大杯,15.216325426479788,126.0,,,,,,,图片标注默认不加糖；半糖增加23千卡，全糖增加46千卡；热饮约为冰饮热量的1.2倍,中国,,社交媒体数据整理,social://xiaohongshu/cotti/%E6%9D%8F%E7%9A%AE%E6%B0%B4/%E5%A4%A7%E6%9D%AF,social_media,小红书公开图片,1.0,126.0,126.0,user_provided_social_images,2026-08-16T07:01:08+08:00
库迪,杏皮茉莉冰茶,杏皮茉莉冰茶,果茶,大杯,15.216325426479788,126.0,,,,,,,图片标注默认不加糖；半糖增加23千卡，全糖增加46千卡；热饮约为冰饮热量的1.2倍,中国,,社交媒体数据整理,social://xiaohongshu/cotti/%E6%9D%8F%E7%9A%AE%E8%8C%89%E8%8E%89%E5%86%B0%E8%8C%B6/%E5%A4%A7%E6%9D%AF,social_media,小红书公开图片,1.0,126.0,126.0,user_provided_social_images,2026-08-16T07:01:08+08:00
库迪,小黄油美式,小黄油美式,奶咖,中杯,11.834919776150945,126.0,,,,,,,图片标注默认不加糖；半糖增加23千卡，全糖增加46千卡；热饮约为冰饮热量的1.2倍,中国,,社交媒体数据整理,social://xiaohongshu/cotti/%E5%B0%8F%E9%BB%84%E6%B2%B9%E7%BE%8E%E5%BC%8F/%E4%B8%AD%E6%9D%AF,social_media,小红书公开图片,1.0,126.0,126.0,user_provided_social_images,2026-08-16T07:01:08+08:00
库迪,胶原莓果美式,胶原莓果美式,果咖,超大杯,19.2740122068744,126.0,,,,,,,图片标注默认不加糖；半糖增加23千卡，全糖增加46千卡；热饮约为冰饮热量的1.2倍,中国,,社交媒体数据整理,social://xiaohongshu/cotti/%E8%83%B6%E5%8E%9F%E8%8E%93%E6%9E%9C%E7%BE%8E%E5%BC%8F/%E8%B6%85%E5%A4%A7%E6%9D%AF,social_media,小红书公开图片,1.0,126.0,126.0,user_provided_social_images,2026-08-16T07:01:08+08:00
瑞幸,鲜切柠C美式,鲜切柠C美式,美式咖啡,,,126.0,,,,,,,,中国,,用户提供表格数据,official://luckin/calories/%E9%B2%9C%E5%88%87%E6%9F%A0C%E7%BE%8E%E5%BC%8F,official,瑞幸表格数据,1.0,126.0,126.0,spreadsheet_import,2026-08-16T07:01:08+08:00
瑞幸,瑰夏云朵冷萃,瑰夏云朵冷萃,美式咖啡,,,126.0,,,,,,,,中国,,用户提供表格数据,official://luckin/calories/%E7%91%B0%E5%A4%8F%E4%BA%91%E6%9C%B5%E5%86%B7%E8%90%83,official,瑞幸表格数据,1.0,126.0,126.0,spreadsheet_import,2026-08-16T07:01:08+08:00
瑞幸,柠C美式,柠C美式,美式咖啡,,,126.0,,,,,,,,中国,,用户提供表格数据,official://luckin/calories/%E6%9F%A0C%E7%BE%8E%E5%BC%8F,official,瑞幸表格数据,1.0,126.0,126.0,spreadsheet_import,2026-08-16T07:01:08+08:00
霸王茶姬,龙井玄米酪,龙井玄米酪,茶饮,图片默认规格,,125.0,,,,,,,采用图片醒目标出的默认热量,中国,,社交媒体数据整理,social://user-images/%E9%9C%B8%E7%8E%8B%E8%8C%B6%E5%A7%AC/%E9%BE%99%E4%BA%95%E7%8E%84%E7%B1%B3%E9%85%AA,social_media,用户提供社交媒体图片,1.0,125.0,125.0,user_provided_social_images,2026-08-16T07:56:37+08:00
霸王茶姬,花田乌龙,花田乌龙,茶饮,图片默认规格,,125.0,,,,,,,采用图片醒目标出的默认热量,中国,,社交媒体数据整理,social://user-images/%E9%9C%B8%E7%8E%8B%E8%8C%B6%E5%A7%AC/%E8%8A%B1%E7%94%B0%E4%B9%8C%E9%BE%99,social_media,用户提供社交媒体图片,1.0,125.0,125.0,user_provided_social_images,2026-08-16T07:56:37+08:00
瑞幸,燕麦拿铁,燕麦拿铁,拿铁,,,125.0,,,,,,,,中国,,用户提供表格数据,official://luckin/calories/%E7%87%95%E9%BA%A6%E6%8B%BF%E9%93%81,official,瑞幸表格数据,1.0,125.0,125.0,spreadsheet_import,2026-08-16T07:01:08+08:00
古茗,莓莓鲜橙茶,莓莓鲜橙茶,茶饮,中杯,,124.0,,,,,,,图片标注默认中杯、冰、不另外加糖；同名商品采用后图较新数值,中国,,社交媒体数据整理,social://user-images/%E5%8F%A4%E8%8C%97/%E8%8E%93%E8%8E%93%E9%B2%9C%E6%A9%99%E8%8C%B6,social_media,用户提供社交媒体图片,1.0,124.0,124.0,user_provided_social_images,2026-08-16T07:56:37+08:00
库迪,橙C手摇冰茶,橙C手摇冰茶,果茶,大杯,15.216325426479788,122.0,,,,,,,图片标注默认不加糖；半糖增加23千卡，全糖增加46千卡；热饮约为冰饮热量的1.2倍,中国,,社交媒体数据整理,social://xiaohongshu/cotti/%E6%A9%99C%E6%89%8B%E6%91%87%E5%86%B0%E8%8C%B6/%E5%A4%A7%E6%9D%AF,social_media,小红书公开图片,1.0,122.0,122.0,user_provided_social_images,2026-08-16T07:01:08+08:00
瑞幸,橙C美式,橙C美式,美式咖啡,,,122.0,,,,,,,,中国,,用户提供表格数据,official://luckin/calories/%E6%A9%99C%E7%BE%8E%E5%BC%8F,official,瑞幸表格数据,1.0,122.0,122.0,spreadsheet_import,2026-08-16T07:01:08+08:00
霸王茶姬,风荷曲苑,风荷曲苑,果饮,图片默认规格,,121.0,,,,,,,采用图片醒目标出的默认热量,中国,,社交媒体数据整理,social://user-images/%E9%9C%B8%E7%8E%8B%E8%8C%B6%E5%A7%AC/%E9%A3%8E%E8%8D%B7%E6%9B%B2%E8%8B%91,social_media,用户提供社交媒体图片,1.0,121.0,121.0,user_provided_social_images,2026-08-16T07:56:37+08:00
Manner,冰莓美式,冰莓美式,美式咖啡,大杯,,120.0,,,,,,,图片标注为大杯、不另外加糖、冰饮标准热量,中国,,社交媒体数据整理,social://user-images/manner/%E5%86%B0%E8%8E%93%E7%BE%8E%E5%BC%8F,social_media,用户提供社交媒体图片,1.0,120.0,120.0,user_provided_social_images,2026-08-16T08:00:36+08:00
古茗,轻体果蔬瓶,轻体果蔬瓶,果饮,中杯,,120.0,,,,,,,图片标注默认中杯、冰、不另外加糖；同名商品采用后图较新数值,中国,,社交媒体数据整理,social://user-images/%E5%8F%A4%E8%8C%97/%E8%BD%BB%E4%BD%93%E6%9E%9C%E8%94%AC%E7%93%B6,social_media,用户提供社交媒体图片,1.0,120.0,120.0,user_provided_social_images,2026-08-16T07:56:37+08:00
古茗,招牌柠檬茶,招牌柠檬茶,茶饮,中杯,,120.0,,,,,,,图片标注默认中杯、冰、不另外加糖；同名商品采用后图较新数值,中国,,社交媒体数据整理,social://user-images/%E5%8F%A4%E8%8C%97/%E6%8B%9B%E7%89%8C%E6%9F%A0%E6%AA%AC%E8%8C%B6,social_media,用户提供社交媒体图片,1.0,120.0,120.0,user_provided_social_images,2026-08-16T07:56:37+08:00
库迪,双柚美式,双柚美式,果咖,超大杯,19.2740122068744,120.0,,,,,,,图片标注默认不加糖；半糖增加23千卡，全糖增加46千卡；热饮约为冰饮热量的1.2倍,中国,,社交媒体数据整理,social://xiaohongshu/cotti/%E5%8F%8C%E6%9F%9A%E7%BE%8E%E5%BC%8F/%E8%B6%85%E5%A4%A7%E6%9D%AF,social_media,小红书公开图片,1.0,120.0,120.0,user_provided_social_images,2026-08-16T07:01:08+08:00
瑞幸,轻椰茉莉拿铁,轻椰茉莉拿铁,拿铁,,,120.0,,,,,,,,中国,,用户提供表格数据,official://luckin/calories/%E8%BD%BB%E6%A4%B0%E8%8C%89%E8%8E%89%E6%8B%BF%E9%93%81,official,瑞幸表格数据,1.0,120.0,120.0,spreadsheet_import,2026-08-16T07:01:08+08:00
星巴克,Blended Strawberry Lemonade,草莓柠檬冰沙,果饮,Grande 16 fl oz,16.0,120.0,23.0,0.0,0.0,0.0,,,"ICE, LEMONADE [WATER, LEMON JUICE, SUGAR, LEMON OIL], STRAWBERRY PUREE SAUCE [STRAWBERRY PUREE, WHITE GRAPE JUICE CONCENTRATE, WATER, FRUIT AND VEGETABLE JUICE (FOR COLOR), NATURAL FLAVORS, XANTHAN GUM, CITRIC ACID], BLENDING POWDER [GUM ARABIC, MALTODEXTRIN, XANTHAN GUM, NATURAL FLAVOR, SILICA, STEVIA EXTRACT (REBAUDIOSIDE-A)]",,,Starbucks Official,https://www.starbucks.com/menu/product/40923/iced/nutrition,official,,,,,auto,2026-08-15 23:13:57
星巴克,Lemonade,柠檬汁,果饮,Grande 16 fl oz,16.0,120.0,27.0,0.0,0.0,0.0,,,"LEMONADE [WATER, LEMON JUICE, SUGAR, LEMON OIL], ICE.",,,Starbucks Official,https://www.starbucks.com/menu/product/873068639/iced/nutrition,official,,,,,auto,2026-08-15 23:15:32
蜜雪冰城,Fresh Lemonade,冰鲜柠檬水,果饮,,,120.0,,,,,,,,China,,第三方公开网页聚合,https://www.sohu.com/a/868373936_121629945,third_party,sohu.com,5.0,90.0,124.0,mixue_official_products_incremental,2026-08-16 00:07:02
瑞幸,百香果C冰茶,百香果C冰茶,美式咖啡,,,119.0,,,,,,,,中国,,用户提供表格数据,official://luckin/calories/%E7%99%BE%E9%A6%99%E6%9E%9CC%E5%86%B0%E8%8C%B6,official,瑞幸表格数据,1.0,119.0,119.0,spreadsheet_import,2026-08-16T07:01:08+08:00
喜茶,轻酵黄皮康普茶,轻酵黄皮康普茶,果茶,,,119.0,,,,,,,,中国,,喜茶官方热量数据,official://heytea/calories/%E8%BD%BB%E9%85%B5%E9%BB%84%E7%9A%AE%E5%BA%B7%E6%99%AE%E8%8C%B6,official,喜茶官方,1.0,119.0,119.0,official_spreadsheet_import,2026-08-16T06:28:46+08:00
古茗,西子龙井春,西子龙井春,茶饮,中杯,,117.0,,,,,,,图片标注默认中杯、冰、不另外加糖；同名商品采用后图较新数值,中国,,社交媒体数据整理,social://user-images/%E5%8F%A4%E8%8C%97/%E8%A5%BF%E5%AD%90%E9%BE%99%E4%BA%95%E6%98%A5,social_media,用户提供社交媒体图片,1.0,117.0,117.0,user_provided_social_images,2026-08-16T07:56:37+08:00
库迪,胶原莓果冰茶,胶原莓果冰茶,果茶,大杯,15.216325426479788,117.0,,,,,,,图片标注默认不加糖；半糖增加23千卡，全糖增加46千卡；热饮约为冰饮热量的1.2倍,中国,,社交媒体数据整理,social://xiaohongshu/cotti/%E8%83%B6%E5%8E%9F%E8%8E%93%E6%9E%9C%E5%86%B0%E8%8C%B6/%E5%A4%A7%E6%9D%AF,social_media,小红书公开图片,1.0,117.0,117.0,user_provided_social_images,2026-08-16T07:01:08+08:00
库迪,流云茉莉轻乳茶,流云茉莉轻乳茶,奶茶,大杯,15.216325426479788,117.0,,,,,,,图片标注默认不加糖；半糖增加23千卡，全糖增加46千卡；热饮约为冰饮热量的1.2倍,中国,,社交媒体数据整理,social://xiaohongshu/cotti/%E6%B5%81%E4%BA%91%E8%8C%89%E8%8E%89%E8%BD%BB%E4%B9%B3%E8%8C%B6/%E5%A4%A7%E6%9D%AF,social_media,小红书公开图片,1.0,117.0,117.0,user_provided_social_images,2026-08-16T07:01:08+08:00
库迪,闪购茉莉拿铁,闪购茉莉拿铁,奶咖,大杯,15.216325426479788,117.0,,,,,,,图片标注默认不加糖；半糖增加23千卡，全糖增加46千卡；热饮约为冰饮热量的1.2倍,中国,,社交媒体数据整理,social://xiaohongshu/cotti/%E9%97%AA%E8%B4%AD%E8%8C%89%E8%8E%89%E6%8B%BF%E9%93%81/%E5%A4%A7%E6%9D%AF,social_media,小红书公开图片,1.0,117.0,117.0,user_provided_social_images,2026-08-16T07:01:08+08:00
库迪,茉莉花香拿铁,茉莉花香拿铁,奶咖,大杯,15.216325426479788,117.0,,,,,,,图片标注默认不加糖；半糖增加23千卡，全糖增加46千卡；热饮约为冰饮热量的1.2倍,中国,,社交媒体数据整理,social://xiaohongshu/cotti/%E8%8C%89%E8%8E%89%E8%8A%B1%E9%A6%99%E6%8B%BF%E9%93%81/%E5%A4%A7%E6%9D%AF,social_media,小红书公开图片,1.0,117.0,117.0,user_provided_social_images,2026-08-16T07:01:08+08:00
瑞幸,皇后限定苹果C冰茶,皇后限定苹果C冰茶,美式咖啡,,,117.0,,,,,,,,中国,,用户提供表格数据,official://luckin/calories/%E7%9A%87%E5%90%8E%E9%99%90%E5%AE%9A%E8%8B%B9%E6%9E%9CC%E5%86%B0%E8%8C%B6,official,瑞幸表格数据,1.0,117.0,117.0,spreadsheet_import,2026-08-16T07:01:08+08:00
瑞幸,奶霜茉莉（特大杯）,奶霜茉莉（特大杯）,抹茶,,,117.0,,,,,,,,中国,,用户提供表格数据,official://luckin/calories/%E5%A5%B6%E9%9C%9C%E8%8C%89%E8%8E%89%EF%BC%88%E7%89%B9%E5%A4%A7%E6%9D%AF%EF%BC%89,official,瑞幸表格数据,1.0,117.0,117.0,spreadsheet_import,2026-08-16T07:01:08+08:00
库迪,柚见气泡冰萃,柚见气泡冰萃,果咖,中杯,11.834919776150945,116.0,,,,,,,图片标注默认不加糖；半糖增加23千卡，全糖增加46千卡；热饮约为冰饮热量的1.2倍,中国,,社交媒体数据整理,social://xiaohongshu/cotti/%E6%9F%9A%E8%A7%81%E6%B0%94%E6%B3%A1%E5%86%B0%E8%90%83/%E4%B8%AD%E6%9D%AF,social_media,小红书公开图片,1.0,116.0,116.0,user_provided_social_images,2026-08-16T07:01:08+08:00
库迪,柚见美式,柚见美式,果咖,中杯,11.834919776150945,116.0,,,,,,,图片标注默认不加糖；半糖增加23千卡，全糖增加46千卡；热饮约为冰饮热量的1.2倍,中国,,社交媒体数据整理,social://xiaohongshu/cotti/%E6%9F%9A%E8%A7%81%E7%BE%8E%E5%BC%8F/%E4%B8%AD%E6%9D%AF,social_media,小红书公开图片,1.0,116.0,116.0,user_provided_social_images,2026-08-16T07:01:08+08:00
瑞幸,瑞之抹茶,瑞之抹茶,抹茶,,,116.0,,,,,,,,中国,,用户提供表格数据,official://luckin/calories/%E7%91%9E%E4%B9%8B%E6%8A%B9%E8%8C%B6,official,瑞幸表格数据,1.0,116.0,116.0,spreadsheet_import,2026-08-16T07:01:08+08:00
瑞幸,葡萄鲜切柠檬茶,葡萄鲜切柠檬茶,美式咖啡,,,115.0,,,,,,,,中国,,用户提供表格数据,official://luckin/calories/%E8%91%A1%E8%90%84%E9%B2%9C%E5%88%87%E6%9F%A0%E6%AA%AC%E8%8C%B6,official,瑞幸表格数据,1.0,115.0,115.0,spreadsheet_import,2026-08-16T07:01:08+08:00
瑞幸,小青桔C冰茶,小青桔C冰茶,美式咖啡,,,115.0,,,,,,,,中国,,用户提供表格数据,official://luckin/calories/%E5%B0%8F%E9%9D%92%E6%A1%94C%E5%86%B0%E8%8C%B6,official,瑞幸表格数据,1.0,115.0,115.0,spreadsheet_import,2026-08-16T07:01:08+08:00
喜茶,羽衣纤体瓶,羽衣纤体瓶,果茶,,,115.0,,,,,,,,中国,,喜茶官方热量数据,official://heytea/calories/%E7%BE%BD%E8%A1%A3%E7%BA%A4%E4%BD%93%E7%93%B6,official,喜茶官方,1.0,115.0,115.0,official_spreadsheet_import,2026-08-16T06:28:46+08:00
喜茶,满杯红柚,满杯红柚,果茶,,,115.0,,,,,,,,中国,,喜茶官方热量数据,official://heytea/calories/%E6%BB%A1%E6%9D%AF%E7%BA%A2%E6%9F%9A,official,喜茶官方,1.0,115.0,115.0,official_spreadsheet_import,2026-08-16T06:28:46+08:00
霸王茶姬,神仙椰水,神仙椰水,果饮,图片默认规格,,114.0,,,,,,,采用图片醒目标出的默认热量,中国,,社交媒体数据整理,social://user-images/%E9%9C%B8%E7%8E%8B%E8%8C%B6%E5%A7%AC/%E7%A5%9E%E4%BB%99%E6%A4%B0%E6%B0%B4,social_media,用户提供社交媒体图片,1.0,114.0,114.0,user_provided_social_images,2026-08-16T07:56:37+08:00
库迪,锡兰金杯牛乳茶,锡兰金杯牛乳茶,奶茶,大杯,15.216325426479788,113.0,,,,,,,图片标注默认不加糖；半糖增加23千卡，全糖增加46千卡；热饮约为冰饮热量的1.2倍,中国,,社交媒体数据整理,social://xiaohongshu/cotti/%E9%94%A1%E5%85%B0%E9%87%91%E6%9D%AF%E7%89%9B%E4%B9%B3%E8%8C%B6/%E5%A4%A7%E6%9D%AF,social_media,小红书公开图片,1.0,113.0,113.0,user_provided_social_images,2026-08-16T07:01:08+08:00
库迪,活荔茉香轻乳茶,活荔茉香轻乳茶,奶茶,大杯,15.216325426479788,113.0,,,,,,,图片标注默认不加糖；半糖增加23千卡，全糖增加46千卡；热饮约为冰饮热量的1.2倍,中国,,社交媒体数据整理,social://xiaohongshu/cotti/%E6%B4%BB%E8%8D%94%E8%8C%89%E9%A6%99%E8%BD%BB%E4%B9%B3%E8%8C%B6/%E5%A4%A7%E6%9D%AF,social_media,小红书公开图片,1.0,113.0,113.0,user_provided_social_images,2026-08-16T07:01:08+08:00
库迪,潘帕斯蓝西柚水,潘帕斯蓝西柚水,无咖无茶,中杯,11.834919776150945,112.0,,,,,,,图片标注默认不加糖；半糖增加23千卡，全糖增加46千卡；热饮约为冰饮热量的1.2倍,中国,,社交媒体数据整理,social://xiaohongshu/cotti/%E6%BD%98%E5%B8%95%E6%96%AF%E8%93%9D%E8%A5%BF%E6%9F%9A%E6%B0%B4/%E4%B8%AD%E6%9D%AF,social_media,小红书公开图片,1.0,112.0,112.0,user_provided_social_images,2026-08-16T07:01:08+08:00
库迪,柚见手摇冰茶,柚见手摇冰茶,果茶,中杯,11.834919776150945,112.0,,,,,,,图片标注默认不加糖；半糖增加23千卡，全糖增加46千卡；热饮约为冰饮热量的1.2倍,中国,,社交媒体数据整理,social://xiaohongshu/cotti/%E6%9F%9A%E8%A7%81%E6%89%8B%E6%91%87%E5%86%B0%E8%8C%B6/%E4%B8%AD%E6%9D%AF,social_media,小红书公开图片,1.0,112.0,112.0,user_provided_social_images,2026-08-16T07:01:08+08:00
古茗,泰橘冰茶,泰橘冰茶,茶饮,中杯,,110.0,,,,,,,图片标注默认中杯、冰、不另外加糖；同名商品采用后图较新数值,中国,,社交媒体数据整理,social://user-images/%E5%8F%A4%E8%8C%97/%E6%B3%B0%E6%A9%98%E5%86%B0%E8%8C%B6,social_media,用户提供社交媒体图片,1.0,110.0,110.0,user_provided_social_images,2026-08-16T07:56:37+08:00
霸王茶姬,去云南·玫瑰普洱,去云南·玫瑰普洱,果饮,图片默认规格,,110.0,,,,,,,采用图片醒目标出的默认热量,中国,,社交媒体数据整理,social://user-images/%E9%9C%B8%E7%8E%8B%E8%8C%B6%E5%A7%AC/%E5%8E%BB%E4%BA%91%E5%8D%97%C2%B7%E7%8E%AB%E7%91%B0%E6%99%AE%E6%B4%B1,social_media,用户提供社交媒体图片,1.0,110.0,110.0,user_provided_social_images,2026-08-16T07:56:37+08:00
瑞幸,苦瓜轻体美式,苦瓜轻体美式,美式咖啡,,,110.0,,,,,,,,中国,,用户提供表格数据,official://luckin/calories/%E8%8B%A6%E7%93%9C%E8%BD%BB%E4%BD%93%E7%BE%8E%E5%BC%8F,official,瑞幸表格数据,1.0,110.0,110.0,spreadsheet_import,2026-08-16T07:01:08+08:00
喜茶,多肉芒芒,多肉芒芒,果茶,,,110.0,,,,,,,,中国,,喜茶官方热量数据,official://heytea/calories/%E5%A4%9A%E8%82%89%E8%8A%92%E8%8A%92,official,喜茶官方,1.0,110.0,110.0,official_spreadsheet_import,2026-08-16T06:28:46+08:00
星巴克,Blue Coconut Refresher,蓝椰沁爽饮,清爽饮,Grande 16 fl oz,16.0,110.0,27.0,0.0,0.0,50.0,,,"STRAWBERRY ACAI REFRESHER BASE [WATER, SUGARS (SUGAR, WHITE GRAPE JUICE CONCENTRATE, FRUIT AND VEGETABLE JUICE CONCENTRATE FOR COLOR (SWEET POTATO, RADISH, APPLE, BLACKCURRANT, CHERRY)), CITRIC ACID, NATURAL FLAVORS, STEVIA EXTRACT (REBAUDIOSIDE-A)], ICE, TOASTED COCONUT SYRUP [WATER, SUGAR, NATURAL FLAVORS (COCONUT), CITRIC ACID, POTASSIUM SORBATE], GREEN COFFEE EXTRACT BLEND [WATER, POTASSIUM DIHYDROGEN PHOSPHATE, COFFEE EXTRACT (FOR FLAVOR), CITRIC ACID, TRISODIUM CITRATE DIHYDRATE, POTASSIUM SORBATE, XANTHAN GUM, VITAMIN BLEND (NIACIN, CALCIUM PANTOTHENATE, PYRIDOXINE HYDROCHLORIDE, CYANOCOBALAMIN), NATURAL FLAVOR], BLUE SWEET POWDER [SUGARS (CANE SUGAR, FRUIT AND VEGETABLE JUICE CONCENTRATE FOR COLOR (SPIRULINA, CARROT, HIBISCUS)), SPIRULINA POWDER, XANTHAN GUM, NATURAL FLAVOR, RICE HULLS, SOYBEAN OIL]",,,Starbucks Official,https://www.starbucks.com/menu/product/40631/iced/nutrition,official,,,,,auto,2026-08-15 23:12:51
库迪,经典拿铁,经典拿铁,经典咖啡,中杯,11.834919776150945,109.0,,,,,,,图片标注默认不加糖；半糖增加23千卡，全糖增加46千卡；热饮约为冰饮热量的1.2倍,中国,,社交媒体数据整理,social://xiaohongshu/cotti/%E7%BB%8F%E5%85%B8%E6%8B%BF%E9%93%81/%E4%B8%AD%E6%9D%AF,social_media,小红书公开图片,1.0,109.0,109.0,user_provided_social_images,2026-08-16T07:01:08+08:00
霸王茶姬,白雾红尘,白雾红尘,果饮,图片默认规格,,108.0,,,,,,,采用图片醒目标出的默认热量,中国,,社交媒体数据整理,social://user-images/%E9%9C%B8%E7%8E%8B%E8%8C%B6%E5%A7%AC/%E7%99%BD%E9%9B%BE%E7%BA%A2%E5%B0%98,social_media,用户提供社交媒体图片,1.0,108.0,108.0,user_provided_social_images,2026-08-16T07:56:37+08:00
库迪,活荔轻椰水,活荔轻椰水,无咖无茶,大杯,15.216325426479788,108.0,,,,,,,图片标注默认不加糖；半糖增加23千卡，全糖增加46千卡；热饮约为冰饮热量的1.2倍,中国,,社交媒体数据整理,social://xiaohongshu/cotti/%E6%B4%BB%E8%8D%94%E8%BD%BB%E6%A4%B0%E6%B0%B4/%E5%A4%A7%E6%9D%AF,social_media,小红书公开图片,1.0,108.0,108.0,user_provided_social_images,2026-08-16T07:01:08+08:00
古茗,李子冰茶,李子冰茶,茶饮,中杯,,107.0,,,,,,,图片标注默认中杯、冰、不另外加糖；同名商品采用后图较新数值,中国,,社交媒体数据整理,social://user-images/%E5%8F%A4%E8%8C%97/%E6%9D%8E%E5%AD%90%E5%86%B0%E8%8C%B6,social_media,用户提供社交媒体图片,1.0,107.0,107.0,user_provided_social_images,2026-08-16T07:56:37+08:00
古茗,7重果蔬,7重果蔬,果饮,中杯,,106.0,,,,,,,图片标注默认中杯、冰、不另外加糖；同名商品采用后图较新数值,中国,,社交媒体数据整理,social://user-images/%E5%8F%A4%E8%8C%97/7%E9%87%8D%E6%9E%9C%E8%94%AC,social_media,用户提供社交媒体图片,1.0,106.0,106.0,user_provided_social_images,2026-08-16T07:56:37+08:00
瑞幸,葡萄冰萃美式,葡萄冰萃美式,美式咖啡,,,106.0,,,,,,,,中国,,用户提供表格数据,official://luckin/calories/%E8%91%A1%E8%90%84%E5%86%B0%E8%90%83%E7%BE%8E%E5%BC%8F,official,瑞幸表格数据,1.0,106.0,106.0,spreadsheet_import,2026-08-16T07:01:08+08:00
库迪,橙C气泡冰萃,橙C气泡冰萃,果咖,中杯,11.834919776150945,105.0,,,,,,,图片标注默认不加糖；半糖增加23千卡，全糖增加46千卡；热饮约为冰饮热量的1.2倍,中国,,社交媒体数据整理,social://xiaohongshu/cotti/%E6%A9%99C%E6%B0%94%E6%B3%A1%E5%86%B0%E8%90%83/%E4%B8%AD%E6%9D%AF,social_media,小红书公开图片,1.0,105.0,105.0,user_provided_social_images,2026-08-16T07:01:08+08:00
库迪,橙C美式,橙C美式,果咖,中杯,11.834919776150945,105.0,,,,,,,图片标注默认不加糖；半糖增加23千卡，全糖增加46千卡；热饮约为冰饮热量的1.2倍,中国,,社交媒体数据整理,social://xiaohongshu/cotti/%E6%A9%99C%E7%BE%8E%E5%BC%8F/%E4%B8%AD%E6%9D%AF,social_media,小红书公开图片,1.0,105.0,105.0,user_provided_social_images,2026-08-16T07:01:08+08:00
库迪,西西里美式,西西里美式,果咖,中杯,11.834919776150945,105.0,,,,,,,图片标注默认不加糖；半糖增加23千卡，全糖增加46千卡；热饮约为冰饮热量的1.2倍,中国,,社交媒体数据整理,social://xiaohongshu/cotti/%E8%A5%BF%E8%A5%BF%E9%87%8C%E7%BE%8E%E5%BC%8F/%E4%B8%AD%E6%9D%AF,social_media,小红书公开图片,1.0,105.0,105.0,user_provided_social_images,2026-08-16T07:01:08+08:00
库迪,阳光青提美式,阳光青提美式,果咖,中杯,11.834919776150945,105.0,,,,,,,图片标注默认不加糖；半糖增加23千卡，全糖增加46千卡；热饮约为冰饮热量的1.2倍,中国,,社交媒体数据整理,social://xiaohongshu/cotti/%E9%98%B3%E5%85%89%E9%9D%92%E6%8F%90%E7%BE%8E%E5%BC%8F/%E4%B8%AD%E6%9D%AF,social_media,小红书公开图片,1.0,105.0,105.0,user_provided_social_images,2026-08-16T07:01:08+08:00
库迪,精粹澳白,精粹澳白,经典咖啡,中杯,11.834919776150945,105.0,,,,,,,图片标注默认不加糖；半糖增加23千卡，全糖增加46千卡；热饮约为冰饮热量的1.2倍,中国,,社交媒体数据整理,social://xiaohongshu/cotti/%E7%B2%BE%E7%B2%B9%E6%BE%B3%E7%99%BD/%E4%B8%AD%E6%9D%AF,social_media,小红书公开图片,1.0,105.0,105.0,user_provided_social_images,2026-08-16T07:01:08+08:00
喜茶,奇香黄皮桃,奇香黄皮桃,果茶,,,105.0,,,,,,,,中国,,喜茶官方热量数据,official://heytea/calories/%E5%A5%87%E9%A6%99%E9%BB%84%E7%9A%AE%E6%A1%83,official,喜茶官方,1.0,105.0,105.0,official_spreadsheet_import,2026-08-16T06:28:46+08:00
库迪,活荔美式,活荔美式,果咖,大杯,15.216325426479788,104.0,,,,,,,图片标注默认不加糖；半糖增加23千卡，全糖增加46千卡；热饮约为冰饮热量的1.2倍,中国,,社交媒体数据整理,social://xiaohongshu/cotti/%E6%B4%BB%E8%8D%94%E7%BE%8E%E5%BC%8F/%E5%A4%A7%E6%9D%AF,social_media,小红书公开图片,1.0,104.0,104.0,user_provided_social_images,2026-08-16T07:01:08+08:00
瑞幸,百香果凤梨气泡水（鲜柠）,百香果凤梨气泡水（鲜柠）,气泡水,,,104.0,,,,,,,,中国,,用户提供表格数据,official://luckin/calories/%E7%99%BE%E9%A6%99%E6%9E%9C%E5%87%A4%E6%A2%A8%E6%B0%94%E6%B3%A1%E6%B0%B4%EF%BC%88%E9%B2%9C%E6%9F%A0%EF%BC%89,official,瑞幸表格数据,1.0,104.0,104.0,spreadsheet_import,2026-08-16T07:01:08+08:00
霸王茶姬,小森林柚子,小森林柚子,果饮,图片默认规格,,102.0,,,,,,,采用图片醒目标出的默认热量,中国,,社交媒体数据整理,social://user-images/%E9%9C%B8%E7%8E%8B%E8%8C%B6%E5%A7%AC/%E5%B0%8F%E6%A3%AE%E6%9E%97%E6%9F%9A%E5%AD%90,social_media,用户提供社交媒体图片,1.0,102.0,102.0,user_provided_social_images,2026-08-16T07:56:37+08:00
瑞幸,大西瓜生椰冷萃,大西瓜生椰冷萃,美式咖啡,,,102.0,,,,,,,,中国,,用户提供表格数据,official://luckin/calories/%E5%A4%A7%E8%A5%BF%E7%93%9C%E7%94%9F%E6%A4%B0%E5%86%B7%E8%90%83,official,瑞幸表格数据,1.0,102.0,102.0,spreadsheet_import,2026-08-16T07:01:08+08:00
霸王茶姬,桂馥兰香,桂馥兰香,果饮,图片默认规格,,101.0,,,,,,,采用图片醒目标出的默认热量,中国,,社交媒体数据整理,social://user-images/%E9%9C%B8%E7%8E%8B%E8%8C%B6%E5%A7%AC/%E6%A1%82%E9%A6%A5%E5%85%B0%E9%A6%99,social_media,用户提供社交媒体图片,1.0,101.0,101.0,user_provided_social_images,2026-08-16T07:56:37+08:00
Manner,冰椰SOE美式,冰椰SOE美式,美式咖啡,大杯,,100.0,,,,,,,图片标注为大杯、不另外加糖、冰饮标准热量,中国,,社交媒体数据整理,social://user-images/manner/%E5%86%B0%E6%A4%B0SOE%E7%BE%8E%E5%BC%8F,social_media,用户提供社交媒体图片,1.0,100.0,100.0,user_provided_social_images,2026-08-16T08:00:36+08:00
瑞幸,缤纷C美式,缤纷C美式,美式咖啡,,,100.0,,,,,,,,中国,,用户提供表格数据,official://luckin/calories/%E7%BC%A4%E7%BA%B7C%E7%BE%8E%E5%BC%8F,official,瑞幸表格数据,1.0,100.0,100.0,spreadsheet_import,2026-08-16T07:01:08+08:00
喜茶,清爽芭乐葡,清爽芭乐葡,果茶,,,100.0,,,,,,,,中国,,喜茶官方热量数据,official://heytea/calories/%E6%B8%85%E7%88%BD%E8%8A%AD%E4%B9%90%E8%91%A1,official,喜茶官方,1.0,100.0,100.0,official_spreadsheet_import,2026-08-16T06:28:46+08:00
喜茶,清爽芭乐提,清爽芭乐提,果茶,,,100.0,,,,,,,,中国,,喜茶官方热量数据,official://heytea/calories/%E6%B8%85%E7%88%BD%E8%8A%AD%E4%B9%90%E6%8F%90,official,喜茶官方,1.0,100.0,100.0,official_spreadsheet_import,2026-08-16T06:28:46+08:00
喜茶,去火纤体瓶,去火纤体瓶,果茶,,,100.0,,,,,,,,中国,,喜茶官方热量数据,official://heytea/calories/%E5%8E%BB%E7%81%AB%E7%BA%A4%E4%BD%93%E7%93%B6,official,喜茶官方,1.0,100.0,100.0,official_spreadsheet_import,2026-08-16T06:28:46+08:00
星巴克,Blended Passionfruit Guava Lemonade Refresher,百香果番石榴柠檬沁爽冰沙,清爽饮,Grande 16 fl oz,16.0,100.0,19.0,0.0,0.0,40.0,,,"ICE, TROPICAL PASSIONFRUIT GUAVA REFRESHER BASE [WATER, SUGARS (SUGAR, GRAPE JUICE CONCENTRATE, PASSION FRUIT JUICE CONCENTRATE, FRUIT AND VEGETABLE JUICE CONCENTRATE FOR COLOR (CHERRY, RADISH, APPLE, SWEET POTATO)), NATURAL FLAVORS, GUAVA PUREE, CITRIC ACID, SALT, XANTHAN GUM, STEVIA EXTRACT (REBAUDIOSIDE-A)], LEMONADE [WATER, LEMON JUICE, SUGAR, LEMON OIL], BLENDING POWDER [GUM ARABIC, MALTODEXTRIN, XANTHAN GUM, NATURAL FLAVOR, SILICA, STEVIA EXTRACT (REBAUDIOSIDE-A)], GREEN COFFEE EXTRACT BLEND [WATER, POTASSIUM DIHYDROGEN PHOSPHATE, COFFEE EXTRACT (FOR FLAVOR), CITRIC ACID, TRISODIUM CITRATE DIHYDRATE, POTASSIUM SORBATE, XANTHAN GUM, VITAMIN BLEND (NIACIN, CALCIUM PANTOTHENATE, PYRIDOXINE HYDROCHLORIDE, CYANOCOBALAMIN), NATURAL FLAVOR]",,,Starbucks Official,https://www.starbucks.com/menu/product/40994/iced/nutrition,official,,,,,auto,2026-08-15 23:14:06
星巴克,Passionfruit Guava Refresher,百香果番石榴沁爽饮,清爽饮,Grande 16 fl oz,16.0,100.0,21.0,0.0,0.0,50.0,,,"ICE, TROPICAL PASSIONFRUIT GUAVA REFRESHER BASE [WATER, SUGARS (SUGAR, GRAPE JUICE CONCENTRATE, PASSION FRUIT JUICE CONCENTRATE, FRUIT AND VEGETABLE JUICE CONCENTRATE FOR COLOR (CHERRY, RADISH, APPLE, SWEET POTATO)), NATURAL FLAVORS, GUAVA PUREE, CITRIC ACID, SALT, XANTHAN GUM, STEVIA EXTRACT (REBAUDIOSIDE-A)], TROPICAL MANGO PINEAPPLE PEARLS [WATER, SUGAR, MODIFIED CORN STARCH, CALCIUM LACTATE, MALIC ACID, BETA-CAROTENE (FOR COLOR), NATURAL FLAVOR, SODIUM ALGINATE, CARRAGEENAN, POTASSIUM SORBATE, ASCORBIC ACID, SODIUM CITRATE], GREEN COFFEE EXTRACT BLEND [WATER, POTASSIUM DIHYDROGEN PHOSPHATE, COFFEE EXTRACT (FOR FLAVOR), CITRIC ACID, TRISODIUM CITRATE DIHYDRATE, POTASSIUM SORBATE, XANTHAN GUM, VITAMIN BLEND (NIACIN, CALCIUM PANTOTHENATE, PYRIDOXINE HYDROCHLORIDE, CYANOCOBALAMIN), NATURAL FLAVOR]",,,Starbucks Official,https://www.starbucks.com/menu/product/40996/iced/nutrition,official,,,,,auto,2026-08-15 23:14:10
星巴克,Blended Island Colada Drink,海岛可乐达冰沙,其他饮品,Grande 16 fl oz,16.0,100.0,13.0,2.0,0.0,40.0,,,"ICE, TROPICAL PASSIONFRUIT GUAVA REFRESHER BASE [WATER, SUGARS (SUGAR, GRAPE JUICE CONCENTRATE, PASSION FRUIT JUICE CONCENTRATE, FRUIT AND VEGETABLE JUICE CONCENTRATE FOR COLOR (CHERRY, RADISH, APPLE, SWEET POTATO)), NATURAL FLAVORS, GUAVA PUREE, CITRIC ACID, SALT, XANTHAN GUM, STEVIA EXTRACT (REBAUDIOSIDE-A)], COCONUTMILK [WATER, COCONUT CREAM, CANE SUGAR, TRICALCIUM PHOSPHATE, COCONUT WATER CONCENTRATE, NATURAL FLAVORS, SEA SALT, XANTHAN GUM, PECTIN, GELLAN GUM, GUAR GUM, VITAMIN A PALMITATE, VITAMIN D2], BLENDING POWDER [GUM ARABIC, MALTODEXTRIN, XANTHAN GUM, NATURAL FLAVOR, SILICA, STEVIA EXTRACT (REBAUDIOSIDE-A)], GREEN COFFEE EXTRACT BLEND [WATER, POTASSIUM DIHYDROGEN PHOSPHATE, COFFEE EXTRACT (FOR FLAVOR), CITRIC ACID, TRISODIUM CITRATE DIHYDRATE, POTASSIUM SORBATE, XANTHAN GUM, VITAMIN BLEND (NIACIN, CALCIUM PANTOTHENATE, PYRIDOXINE HYDROCHLORIDE, CYANOCOBALAMIN), NATURAL FLAVOR]",,,Starbucks Official,https://www.starbucks.com/menu/product/40998/iced/nutrition,official,,,,,auto,2026-08-15 23:14:14
库迪,胶原莓果美式,胶原莓果美式,果咖,大杯,15.216325426479788,99.0,,,,,,,图片标注默认不加糖；半糖增加23千卡，全糖增加46千卡；热饮约为冰饮热量的1.2倍,中国,,社交媒体数据整理,social://xiaohongshu/cotti/%E8%83%B6%E5%8E%9F%E8%8E%93%E6%9E%9C%E7%BE%8E%E5%BC%8F/%E5%A4%A7%E6%9D%AF,social_media,小红书公开图片,1.0,99.0,99.0,user_provided_social_images,2026-08-16T07:01:08+08:00
古茗,泰橘美式,泰橘美式,咖啡,中杯,,98.0,,,,,,,图片标注默认中杯、冰、不另外加糖；同名商品采用后图较新数值,中国,,社交媒体数据整理,social://user-images/%E5%8F%A4%E8%8C%97/%E6%B3%B0%E6%A9%98%E7%BE%8E%E5%BC%8F,social_media,用户提供社交媒体图片,1.0,98.0,98.0,user_provided_social_images,2026-08-16T07:56:37+08:00
库迪,鲜气杨梅冰茶,鲜气杨梅冰茶,果茶,超大杯,19.2740122068744,97.0,,,,,,,图片标注默认不加糖；半糖增加23千卡，全糖增加46千卡；热饮约为冰饮热量的1.2倍,中国,,社交媒体数据整理,social://xiaohongshu/cotti/%E9%B2%9C%E6%B0%94%E6%9D%A8%E6%A2%85%E5%86%B0%E8%8C%B6/%E8%B6%85%E5%A4%A7%E6%9D%AF,social_media,小红书公开图片,1.0,97.0,97.0,user_provided_social_images,2026-08-16T07:01:08+08:00
霸王茶姬,夏梦玫珑（蜜瓜乌龙）,夏梦玫珑（蜜瓜乌龙）,茶饮,图片默认规格,,96.0,,,,,,,采用图片醒目标出的默认热量,中国,,社交媒体数据整理,social://user-images/%E9%9C%B8%E7%8E%8B%E8%8C%B6%E5%A7%AC/%E5%A4%8F%E6%A2%A6%E7%8E%AB%E7%8F%91%EF%BC%88%E8%9C%9C%E7%93%9C%E4%B9%8C%E9%BE%99%EF%BC%89,social_media,用户提供社交媒体图片,1.0,96.0,96.0,user_provided_social_images,2026-08-16T07:56:37+08:00
Manner,话梅风味冰美式,话梅风味冰美式,美式咖啡,大杯,,95.0,,,,,,,图片标注为大杯、不另外加糖、冰饮标准热量,中国,,社交媒体数据整理,social://user-images/manner/%E8%AF%9D%E6%A2%85%E9%A3%8E%E5%91%B3%E5%86%B0%E7%BE%8E%E5%BC%8F,social_media,用户提供社交媒体图片,1.0,95.0,95.0,user_provided_social_images,2026-08-16T08:00:36+08:00
库迪,橙C手摇冰茶,橙C手摇冰茶,果茶,中杯,11.834919776150945,95.0,,,,,,,图片标注默认不加糖；半糖增加23千卡，全糖增加46千卡；热饮约为冰饮热量的1.2倍,中国,,社交媒体数据整理,social://xiaohongshu/cotti/%E6%A9%99C%E6%89%8B%E6%91%87%E5%86%B0%E8%8C%B6/%E4%B8%AD%E6%9D%AF,social_media,小红书公开图片,1.0,95.0,95.0,user_provided_social_images,2026-08-16T07:01:08+08:00
库迪,双柚美式,双柚美式,果咖,大杯,15.216325426479788,95.0,,,,,,,图片标注默认不加糖；半糖增加23千卡，全糖增加46千卡；热饮约为冰饮热量的1.2倍,中国,,社交媒体数据整理,social://xiaohongshu/cotti/%E5%8F%8C%E6%9F%9A%E7%BE%8E%E5%BC%8F/%E5%A4%A7%E6%9D%AF,social_media,小红书公开图片,1.0,95.0,95.0,user_provided_social_images,2026-08-16T07:01:08+08:00
喜茶,多肉黄皮葡,多肉黄皮葡,果茶,,,95.0,,,,,,,,中国,,喜茶官方热量数据,official://heytea/calories/%E5%A4%9A%E8%82%89%E9%BB%84%E7%9A%AE%E8%91%A1,official,喜茶官方,1.0,95.0,95.0,official_spreadsheet_import,2026-08-16T06:28:46+08:00
喜茶,多肉葡萄,多肉葡萄,果茶,,,95.0,,,,,,,,中国,,喜茶官方热量数据,official://heytea/calories/%E5%A4%9A%E8%82%89%E8%91%A1%E8%90%84,official,喜茶官方,1.0,95.0,95.0,official_spreadsheet_import,2026-08-16T06:28:46+08:00
瑞幸,羽衣轻体果蔬茶,羽衣轻体果蔬茶,其他饮品,,,94.0,,,,,,,,中国,,用户提供表格数据,official://luckin/calories/%E7%BE%BD%E8%A1%A3%E8%BD%BB%E4%BD%93%E6%9E%9C%E8%94%AC%E8%8C%B6,official,瑞幸表格数据,1.0,94.0,94.0,spreadsheet_import,2026-08-16T07:01:08+08:00
瑞幸,苦瓜轻体果蔬茶,苦瓜轻体果蔬茶,其他饮品,,,94.0,,,,,,,,中国,,用户提供表格数据,official://luckin/calories/%E8%8B%A6%E7%93%9C%E8%BD%BB%E4%BD%93%E6%9E%9C%E8%94%AC%E8%8C%B6,official,瑞幸表格数据,1.0,94.0,94.0,spreadsheet_import,2026-08-16T07:01:08+08:00
瑞幸,茉莉花香拿铁,茉莉花香拿铁,拿铁,,,94.0,,,,,,,,中国,,用户提供表格数据,official://luckin/calories/%E8%8C%89%E8%8E%89%E8%8A%B1%E9%A6%99%E6%8B%BF%E9%93%81,official,瑞幸表格数据,1.0,94.0,94.0,spreadsheet_import,2026-08-16T07:01:08+08:00
霸王茶姬,寻香山茶,寻香山茶,茶饮,图片默认规格,,93.0,,,,,,,采用图片醒目标出的默认热量,中国,,社交媒体数据整理,social://user-images/%E9%9C%B8%E7%8E%8B%E8%8C%B6%E5%A7%AC/%E5%AF%BB%E9%A6%99%E5%B1%B1%E8%8C%B6,social_media,用户提供社交媒体图片,1.0,93.0,93.0,user_provided_social_images,2026-08-16T07:56:37+08:00
库迪,胶原莓果冰茶,胶原莓果冰茶,果茶,中杯,11.834919776150945,91.0,,,,,,,图片标注默认不加糖；半糖增加23千卡，全糖增加46千卡；热饮约为冰饮热量的1.2倍,中国,,社交媒体数据整理,social://xiaohongshu/cotti/%E8%83%B6%E5%8E%9F%E8%8E%93%E6%9E%9C%E5%86%B0%E8%8C%B6/%E4%B8%AD%E6%9D%AF,social_media,小红书公开图片,1.0,91.0,91.0,user_provided_social_images,2026-08-16T07:01:08+08:00
库迪,流云茉莉轻乳茶,流云茉莉轻乳茶,奶茶,中杯,11.834919776150945,91.0,,,,,,,图片标注默认不加糖；半糖增加23千卡，全糖增加46千卡；热饮约为冰饮热量的1.2倍,中国,,社交媒体数据整理,social://xiaohongshu/cotti/%E6%B5%81%E4%BA%91%E8%8C%89%E8%8E%89%E8%BD%BB%E4%B9%B3%E8%8C%B6/%E4%B8%AD%E6%9D%AF,social_media,小红书公开图片,1.0,91.0,91.0,user_provided_social_images,2026-08-16T07:01:08+08:00
库迪,闪购茉莉拿铁,闪购茉莉拿铁,奶咖,中杯,11.834919776150945,91.0,,,,,,,图片标注默认不加糖；半糖增加23千卡，全糖增加46千卡；热饮约为冰饮热量的1.2倍,中国,,社交媒体数据整理,social://xiaohongshu/cotti/%E9%97%AA%E8%B4%AD%E8%8C%89%E8%8E%89%E6%8B%BF%E9%93%81/%E4%B8%AD%E6%9D%AF,social_media,小红书公开图片,1.0,91.0,91.0,user_provided_social_images,2026-08-16T07:01:08+08:00
库迪,茉莉花香拿铁,茉莉花香拿铁,奶咖,中杯,11.834919776150945,91.0,,,,,,,图片标注默认不加糖；半糖增加23千卡，全糖增加46千卡；热饮约为冰饮热量的1.2倍,中国,,社交媒体数据整理,social://xiaohongshu/cotti/%E8%8C%89%E8%8E%89%E8%8A%B1%E9%A6%99%E6%8B%BF%E9%93%81/%E4%B8%AD%E6%9D%AF,social_media,小红书公开图片,1.0,91.0,91.0,user_provided_social_images,2026-08-16T07:01:08+08:00
瑞幸,鲜萃轻轻茉莉,鲜萃轻轻茉莉,冰奶,,,91.0,,,,,,,,中国,,用户提供表格数据,official://luckin/calories/%E9%B2%9C%E8%90%83%E8%BD%BB%E8%BD%BB%E8%8C%89%E8%8E%89,official,瑞幸表格数据,1.0,91.0,91.0,spreadsheet_import,2026-08-16T07:01:08+08:00
Manner,西西里美式,西西里美式,美式咖啡,大杯,,90.0,,,,,,,图片标注为大杯、不另外加糖、冰饮标准热量,中国,,社交媒体数据整理,social://user-images/manner/%E8%A5%BF%E8%A5%BF%E9%87%8C%E7%BE%8E%E5%BC%8F,social_media,用户提供社交媒体图片,1.0,90.0,90.0,user_provided_social_images,2026-08-16T08:00:36+08:00
星巴克,Strawberry Açaí Refresher,草莓巴西莓沁爽饮,清爽饮,Grande 16 fl oz,16.0,90.0,21.0,0.0,0.0,50.0,,,"STRAWBERRY ACAI REFRESHER BASE [WATER, SUGARS (SUGAR, WHITE GRAPE JUICE CONCENTRATE, FRUIT AND VEGETABLE JUICE CONCENTRATE FOR COLOR (SWEET POTATO, RADISH, APPLE, BLACKCURRANT, CHERRY)), CITRIC ACID, NATURAL FLAVORS, STEVIA EXTRACT (REBAUDIOSIDE-A)], ICE, GREEN COFFEE EXTRACT BLEND [WATER, POTASSIUM DIHYDROGEN PHOSPHATE, COFFEE EXTRACT (FOR FLAVOR), CITRIC ACID, TRISODIUM CITRATE DIHYDRATE, POTASSIUM SORBATE, XANTHAN GUM, VITAMIN BLEND (NIACIN, CALCIUM PANTOTHENATE, PYRIDOXINE HYDROCHLORIDE, CYANOCOBALAMIN), NATURAL FLAVOR], FREEZE DRIED STRAWBERRIES.",,,Starbucks Official,https://www.starbucks.com/menu/product/2121342/iced/nutrition,official,,,,,seed,2026-08-15 22:51:42
星巴克,Mango Dragonfruit Refresher,芒果火龙果沁爽饮,清爽饮,Grande 16 fl oz,16.0,90.0,20.0,0.0,0.0,50.0,,,"MANGO DRAGONFRUIT REFRESHER BASE [WATER, SUGARS (SUGAR, WHITE GRAPE JUICE CONCENTRATE, FRUIT AND VEGETABLE JUICE CONCENTRATE FOR COLOR (CARROT, BLUEBERRY)), NATURAL FLAVORS, CITRIC ACID, STEVIA EXTRACT (REBAUDIOSIDE-A)], ICE, GREEN COFFEE EXTRACT BLEND [WATER, POTASSIUM DIHYDROGEN PHOSPHATE, COFFEE EXTRACT (FOR FLAVOR), CITRIC ACID, TRISODIUM CITRATE DIHYDRATE, POTASSIUM SORBATE, XANTHAN GUM, VITAMIN BLEND (NIACIN, CALCIUM PANTOTHENATE, PYRIDOXINE HYDROCHLORIDE, CYANOCOBALAMIN), NATURAL FLAVOR], FREEZE DRIED DRAGONFRUIT PIECES.",,,Starbucks Official,https://www.starbucks.com/menu/product/2122725/iced/nutrition,official,,,,,seed,2026-08-15 22:52:07
古茗,西瓜冰椰,西瓜冰椰,果饮,中杯,,89.0,,,,,,,图片标注默认中杯、冰、不另外加糖；同名商品采用后图较新数值,中国,,社交媒体数据整理,social://user-images/%E5%8F%A4%E8%8C%97/%E8%A5%BF%E7%93%9C%E5%86%B0%E6%A4%B0,social_media,用户提供社交媒体图片,1.0,89.0,89.0,user_provided_social_images,2026-08-16T07:56:37+08:00
库迪,锡兰金杯牛乳茶,锡兰金杯牛乳茶,奶茶,中杯,11.834919776150945,88.0,,,,,,,图片标注默认不加糖；半糖增加23千卡，全糖增加46千卡；热饮约为冰饮热量的1.2倍,中国,,社交媒体数据整理,social://xiaohongshu/cotti/%E9%94%A1%E5%85%B0%E9%87%91%E6%9D%AF%E7%89%9B%E4%B9%B3%E8%8C%B6/%E4%B8%AD%E6%9D%AF,social_media,小红书公开图片,1.0,88.0,88.0,user_provided_social_images,2026-08-16T07:01:08+08:00
库迪,活荔茉香轻乳茶,活荔茉香轻乳茶,奶茶,中杯,11.834919776150945,88.0,,,,,,,图片标注默认不加糖；半糖增加23千卡，全糖增加46千卡；热饮约为冰饮热量的1.2倍,中国,,社交媒体数据整理,social://xiaohongshu/cotti/%E6%B4%BB%E8%8D%94%E8%8C%89%E9%A6%99%E8%BD%BB%E4%B9%B3%E8%8C%B6/%E4%B8%AD%E6%9D%AF,social_media,小红书公开图片,1.0,88.0,88.0,user_provided_social_images,2026-08-16T07:01:08+08:00
喜茶,Mango Grapefruit Sago,杨枝甘露,果茶,,,88.0,,,,,,,,China,,第三方公开网页聚合,https://www.fatsecret.cn/热量营养/盒马/杨枝甘露/100克,third_party,fatsecret.cn,2.0,82.0,94.0,manual_product_list+social_search+public_web,2026-08-16 01:42:08
古茗,苹果金凤梨,苹果金凤梨,果饮,中杯,,87.0,,,,,,,图片标注默认中杯、冰、不另外加糖；同名商品采用后图较新数值,中国,,社交媒体数据整理,social://user-images/%E5%8F%A4%E8%8C%97/%E8%8B%B9%E6%9E%9C%E9%87%91%E5%87%A4%E6%A2%A8,social_media,用户提供社交媒体图片,1.0,87.0,87.0,user_provided_social_images,2026-08-16T07:56:37+08:00
霸王茶姬,远山鲜椰,远山鲜椰,果饮,图片默认规格,,86.0,,,,,,,采用图片醒目标出的默认热量,中国,,社交媒体数据整理,social://user-images/%E9%9C%B8%E7%8E%8B%E8%8C%B6%E5%A7%AC/%E8%BF%9C%E5%B1%B1%E9%B2%9C%E6%A4%B0,social_media,用户提供社交媒体图片,1.0,86.0,86.0,user_provided_social_images,2026-08-16T07:56:37+08:00
瑞幸,大菠萝海盐气泡水（鲜柠）,大菠萝海盐气泡水（鲜柠）,气泡水,,,85.0,,,,,,,,中国,,用户提供表格数据,official://luckin/calories/%E5%A4%A7%E8%8F%A0%E8%90%9D%E6%B5%B7%E7%9B%90%E6%B0%94%E6%B3%A1%E6%B0%B4%EF%BC%88%E9%B2%9C%E6%9F%A0%EF%BC%89,official,瑞幸表格数据,1.0,85.0,85.0,spreadsheet_import,2026-08-16T07:01:08+08:00
库迪,活荔轻椰水,活荔轻椰水,无咖无茶,中杯,11.834919776150945,84.0,,,,,,,图片标注默认不加糖；半糖增加23千卡，全糖增加46千卡；热饮约为冰饮热量的1.2倍,中国,,社交媒体数据整理,social://xiaohongshu/cotti/%E6%B4%BB%E8%8D%94%E8%BD%BB%E6%A4%B0%E6%B0%B4/%E4%B8%AD%E6%9D%AF,social_media,小红书公开图片,1.0,84.0,84.0,user_provided_social_images,2026-08-16T07:01:08+08:00
霸王茶姬,橙香四季,橙香四季,果饮,图片默认规格,,82.0,,,,,,,采用图片醒目标出的默认热量,中国,,社交媒体数据整理,social://user-images/%E9%9C%B8%E7%8E%8B%E8%8C%B6%E5%A7%AC/%E6%A9%99%E9%A6%99%E5%9B%9B%E5%AD%A3,social_media,用户提供社交媒体图片,1.0,82.0,82.0,user_provided_social_images,2026-08-16T07:56:37+08:00
库迪,活荔美式,活荔美式,果咖,中杯,11.834919776150945,81.0,,,,,,,图片标注默认不加糖；半糖增加23千卡，全糖增加46千卡；热饮约为冰饮热量的1.2倍,中国,,社交媒体数据整理,social://xiaohongshu/cotti/%E6%B4%BB%E8%8D%94%E7%BE%8E%E5%BC%8F/%E4%B8%AD%E6%9D%AF,social_media,小红书公开图片,1.0,81.0,81.0,user_provided_social_images,2026-08-16T07:01:08+08:00
瑞幸,椰青冰萃美式,椰青冰萃美式,美式咖啡,,,78.0,,,,,,,,中国,,用户提供表格数据,official://luckin/calories/%E6%A4%B0%E9%9D%92%E5%86%B0%E8%90%83%E7%BE%8E%E5%BC%8F,official,瑞幸表格数据,1.0,78.0,78.0,spreadsheet_import,2026-08-16T07:01:08+08:00
库迪,鲜气杨梅冰茶,鲜气杨梅冰茶,果茶,大杯,15.216325426479788,77.0,,,,,,,图片标注默认不加糖；半糖增加23千卡，全糖增加46千卡；热饮约为冰饮热量的1.2倍,中国,,社交媒体数据整理,social://xiaohongshu/cotti/%E9%B2%9C%E6%B0%94%E6%9D%A8%E6%A2%85%E5%86%B0%E8%8C%B6/%E5%A4%A7%E6%9D%AF,social_media,小红书公开图片,1.0,77.0,77.0,user_provided_social_images,2026-08-16T07:01:08+08:00
库迪,胶原莓果美式,胶原莓果美式,果咖,中杯,11.834919776150945,77.0,,,,,,,图片标注默认不加糖；半糖增加23千卡，全糖增加46千卡；热饮约为冰饮热量的1.2倍,中国,,社交媒体数据整理,social://xiaohongshu/cotti/%E8%83%B6%E5%8E%9F%E8%8E%93%E6%9E%9C%E7%BE%8E%E5%BC%8F/%E4%B8%AD%E6%9D%AF,social_media,小红书公开图片,1.0,77.0,77.0,user_provided_social_images,2026-08-16T07:01:08+08:00
Manner,冰橙茉莉美式,冰橙茉莉美式,美式咖啡,大杯,,75.0,,,,,,,图片标注为大杯、不另外加糖、冰饮标准热量,中国,,社交媒体数据整理,social://user-images/manner/%E5%86%B0%E6%A9%99%E8%8C%89%E8%8E%89%E7%BE%8E%E5%BC%8F,social_media,用户提供社交媒体图片,1.0,75.0,75.0,user_provided_social_images,2026-08-16T08:00:36+08:00
霸王茶姬,海上雾奇兰,海上雾奇兰,果饮,图片默认规格,,74.0,,,,,,,采用图片醒目标出的默认热量,中国,,社交媒体数据整理,social://user-images/%E9%9C%B8%E7%8E%8B%E8%8C%B6%E5%A7%AC/%E6%B5%B7%E4%B8%8A%E9%9B%BE%E5%A5%87%E5%85%B0,social_media,用户提供社交媒体图片,1.0,74.0,74.0,user_provided_social_images,2026-08-16T07:56:37+08:00
库迪,双柚美式,双柚美式,果咖,中杯,11.834919776150945,74.0,,,,,,,图片标注默认不加糖；半糖增加23千卡，全糖增加46千卡；热饮约为冰饮热量的1.2倍,中国,,社交媒体数据整理,social://xiaohongshu/cotti/%E5%8F%8C%E6%9F%9A%E7%BE%8E%E5%BC%8F/%E4%B8%AD%E6%9D%AF,social_media,小红书公开图片,1.0,74.0,74.0,user_provided_social_images,2026-08-16T07:01:08+08:00
霸王茶姬,粉芭乐,粉芭乐,果饮,图片默认规格,,73.0,,,,,,,采用图片醒目标出的默认热量,中国,,社交媒体数据整理,social://user-images/%E9%9C%B8%E7%8E%8B%E8%8C%B6%E5%A7%AC/%E7%B2%89%E8%8A%AD%E4%B9%90,social_media,用户提供社交媒体图片,1.0,73.0,73.0,user_provided_social_images,2026-08-16T07:56:37+08:00
Manner,芭乐冰美式,芭乐冰美式,美式咖啡,大杯,,72.0,,,,,,,图片标注为大杯、不另外加糖、冰饮标准热量,中国,,社交媒体数据整理,social://user-images/manner/%E8%8A%AD%E4%B9%90%E5%86%B0%E7%BE%8E%E5%BC%8F,social_media,用户提供社交媒体图片,1.0,72.0,72.0,user_provided_social_images,2026-08-16T08:00:36+08:00
Manner,干姜美式,干姜美式,美式咖啡,大杯,,70.0,,,,,,,图片标注为大杯、不另外加糖、冰饮标准热量,中国,,社交媒体数据整理,social://user-images/manner/%E5%B9%B2%E5%A7%9C%E7%BE%8E%E5%BC%8F,social_media,用户提供社交媒体图片,1.0,70.0,70.0,user_provided_social_images,2026-08-16T08:00:36+08:00
Manner,热橙美式,热橙美式,美式咖啡,大杯,,70.0,,,,,,,图片标注为大杯、不另外加糖、冰饮标准热量,中国,,社交媒体数据整理,social://user-images/manner/%E7%83%AD%E6%A9%99%E7%BE%8E%E5%BC%8F,social_media,用户提供社交媒体图片,1.0,70.0,70.0,user_provided_social_images,2026-08-16T08:00:36+08:00
霸王茶姬,晴天罗勒桃,晴天罗勒桃,果饮,图片默认规格,,66.0,,,,,,,采用图片醒目标出的默认热量,中国,,社交媒体数据整理,social://user-images/%E9%9C%B8%E7%8E%8B%E8%8C%B6%E5%A7%AC/%E6%99%B4%E5%A4%A9%E7%BD%97%E5%8B%92%E6%A1%83,social_media,用户提供社交媒体图片,1.0,66.0,66.0,user_provided_social_images,2026-08-16T07:56:37+08:00
瑞幸,全冰黑巧美式,全冰黑巧美式,美式咖啡,,,65.0,,,,,,,,中国,,用户提供表格数据,official://luckin/calories/%E5%85%A8%E5%86%B0%E9%BB%91%E5%B7%A7%E7%BE%8E%E5%BC%8F,official,瑞幸表格数据,1.0,65.0,65.0,spreadsheet_import,2026-08-16T07:01:08+08:00
瑞幸,乳酸菌美式,乳酸菌美式,美式咖啡,,,65.0,,,,,,,,中国,,用户提供表格数据,official://luckin/calories/%E4%B9%B3%E9%85%B8%E8%8F%8C%E7%BE%8E%E5%BC%8F,official,瑞幸表格数据,1.0,65.0,65.0,spreadsheet_import,2026-08-16T07:01:08+08:00
喜茶,杨桃三重甘,杨桃三重甘,果茶,,,65.0,,,,,,,,中国,,喜茶官方热量数据,official://heytea/calories/%E6%9D%A8%E6%A1%83%E4%B8%89%E9%87%8D%E7%94%98,official,喜茶官方,1.0,65.0,65.0,official_spreadsheet_import,2026-08-16T06:28:46+08:00
喜茶,奇兰苹果杏,奇兰苹果杏,果茶,,,65.0,,,,,,,,中国,,喜茶官方热量数据,official://heytea/calories/%E5%A5%87%E5%85%B0%E8%8B%B9%E6%9E%9C%E6%9D%8F,official,喜茶官方,1.0,65.0,65.0,official_spreadsheet_import,2026-08-16T06:28:46+08:00
古茗,桃桃乌龙冰,桃桃乌龙冰,茶饮,中杯,,60.0,,,,,,,图片标注默认中杯、冰、不另外加糖；同名商品采用后图较新数值,中国,,社交媒体数据整理,social://user-images/%E5%8F%A4%E8%8C%97/%E6%A1%83%E6%A1%83%E4%B9%8C%E9%BE%99%E5%86%B0,social_media,用户提供社交媒体图片,1.0,60.0,60.0,user_provided_social_images,2026-08-16T07:56:37+08:00
库迪,鲜气杨梅冰茶,鲜气杨梅冰茶,果茶,中杯,11.834919776150945,60.0,,,,,,,图片标注默认不加糖；半糖增加23千卡，全糖增加46千卡；热饮约为冰饮热量的1.2倍,中国,,社交媒体数据整理,social://xiaohongshu/cotti/%E9%B2%9C%E6%B0%94%E6%9D%A8%E6%A2%85%E5%86%B0%E8%8C%B6/%E4%B8%AD%E6%9D%AF,social_media,小红书公开图片,1.0,60.0,60.0,user_provided_social_images,2026-08-16T07:01:08+08:00
喜茶,青芒酸,青芒酸,果茶,,,60.0,,,,,,,,中国,,喜茶官方热量数据,official://heytea/calories/%E9%9D%92%E8%8A%92%E9%85%B8,official,喜茶官方,1.0,60.0,60.0,official_spreadsheet_import,2026-08-16T06:28:46+08:00
Manner,冰橙美式,冰橙美式,美式咖啡,大杯,,57.0,,,,,,,图片标注为大杯、不另外加糖、冰饮标准热量,中国,,社交媒体数据整理,social://user-images/manner/%E5%86%B0%E6%A9%99%E7%BE%8E%E5%BC%8F,social_media,用户提供社交媒体图片,1.0,57.0,57.0,user_provided_social_images,2026-08-16T08:00:36+08:00
古茗,爆汁鲜果杯,爆汁鲜果杯,果饮,中杯,,46.0,,,,,,,图片标注默认中杯、冰、不另外加糖；同名商品采用后图较新数值,中国,,社交媒体数据整理,social://user-images/%E5%8F%A4%E8%8C%97/%E7%88%86%E6%B1%81%E9%B2%9C%E6%9E%9C%E6%9D%AF,social_media,用户提供社交媒体图片,1.0,46.0,46.0,user_provided_social_images,2026-08-16T07:56:37+08:00
霸王茶姬,滇橄榄,滇橄榄,果饮,图片默认规格,,35.0,,,,,,,采用图片醒目标出的默认热量,中国,,社交媒体数据整理,social://user-images/%E9%9C%B8%E7%8E%8B%E8%8C%B6%E5%A7%AC/%E6%BB%87%E6%A9%84%E6%A6%84,social_media,用户提供社交媒体图片,1.0,35.0,35.0,user_provided_social_images,2026-08-16T07:56:37+08:00
喜茶,多肉桃李,多肉桃李,果茶,,,35.0,,,,,,,,中国,,喜茶官方热量数据,official://heytea/calories/%E5%A4%9A%E8%82%89%E6%A1%83%E6%9D%8E,official,喜茶官方,1.0,35.0,35.0,official_spreadsheet_import,2026-08-16T06:28:46+08:00
古茗,话梅柠檬水,话梅柠檬水,果饮,中杯,,32.0,,,,,,,图片标注默认中杯、冰、不另外加糖；同名商品采用后图较新数值,中国,,社交媒体数据整理,social://user-images/%E5%8F%A4%E8%8C%97/%E8%AF%9D%E6%A2%85%E6%9F%A0%E6%AA%AC%E6%B0%B4,social_media,用户提供社交媒体图片,1.0,32.0,32.0,user_provided_social_images,2026-08-16T07:56:37+08:00
古茗,青橘柠檬水,青橘柠檬水,果饮,中杯,,30.0,,,,,,,图片标注默认中杯、冰、不另外加糖；同名商品采用后图较新数值,中国,,社交媒体数据整理,social://user-images/%E5%8F%A4%E8%8C%97/%E9%9D%92%E6%A9%98%E6%9F%A0%E6%AA%AC%E6%B0%B4,social_media,用户提供社交媒体图片,1.0,30.0,30.0,user_provided_social_images,2026-08-16T07:56:37+08:00
古茗,鲜活柠檬水,鲜活柠檬水,果饮,中杯,,28.0,,,,,,,图片标注默认中杯、冰、不另外加糖；同名商品采用后图较新数值,中国,,社交媒体数据整理,social://user-images/%E5%8F%A4%E8%8C%97/%E9%B2%9C%E6%B4%BB%E6%9F%A0%E6%AA%AC%E6%B0%B4,social_media,用户提供社交媒体图片,1.0,28.0,28.0,user_provided_social_images,2026-08-16T07:56:37+08:00
古茗,四季沁春,四季沁春,茶饮,中杯,,28.0,,,,,,,图片标注默认中杯、冰、不另外加糖；同名商品采用后图较新数值,中国,,社交媒体数据整理,social://user-images/%E5%8F%A4%E8%8C%97/%E5%9B%9B%E5%AD%A3%E6%B2%81%E6%98%A5,social_media,用户提供社交媒体图片,1.0,28.0,28.0,user_provided_social_images,2026-08-16T07:56:37+08:00
喜茶,鸭喜香轻柠茶,鸭喜香轻柠茶,茶,,,26.0,,,,,,,,中国,,喜茶官方热量数据,official://heytea/calories/%E9%B8%AD%E5%96%9C%E9%A6%99%E8%BD%BB%E6%9F%A0%E8%8C%B6,official,喜茶官方,1.0,26.0,26.0,official_spreadsheet_import,2026-08-16T06:28:46+08:00
喜茶,绿妍轻柠茶,绿妍轻柠茶,茶,,,26.0,,,,,,,,中国,,喜茶官方热量数据,official://heytea/calories/%E7%BB%BF%E5%A6%8D%E8%BD%BB%E6%9F%A0%E8%8C%B6,official,喜茶官方,1.0,26.0,26.0,official_spreadsheet_import,2026-08-16T06:28:46+08:00
霸王茶姬,琥珀光,琥珀光,果饮,图片默认规格,,17.0,,,,,,,采用图片醒目标出的默认热量,中国,,社交媒体数据整理,social://user-images/%E9%9C%B8%E7%8E%8B%E8%8C%B6%E5%A7%AC/%E7%90%A5%E7%8F%80%E5%85%89,social_media,用户提供社交媒体图片,1.0,17.0,17.0,user_provided_social_images,2026-08-16T07:56:37+08:00
Manner,超大杯冰美式,超大杯冰美式,美式咖啡,大杯,,15.0,,,,,,,图片标注为大杯、不另外加糖、冰饮标准热量,中国,,社交媒体数据整理,social://user-images/manner/%E8%B6%85%E5%A4%A7%E6%9D%AF%E5%86%B0%E7%BE%8E%E5%BC%8F,social_media,用户提供社交媒体图片,1.0,15.0,15.0,user_provided_social_images,2026-08-16T08:00:36+08:00
瑞幸,加浓美式,加浓美式,美式咖啡,,,14.0,,,,,,,,中国,,用户提供表格数据,official://luckin/calories/%E5%8A%A0%E6%B5%93%E7%BE%8E%E5%BC%8F,official,瑞幸表格数据,1.0,14.0,14.0,spreadsheet_import,2026-08-16T07:01:08+08:00
瑞幸,茉莉花香美式,茉莉花香美式,美式咖啡,,,12.0,,,,,,,,中国,,用户提供表格数据,official://luckin/calories/%E8%8C%89%E8%8E%89%E8%8A%B1%E9%A6%99%E7%BE%8E%E5%BC%8F,official,瑞幸表格数据,1.0,12.0,12.0,spreadsheet_import,2026-08-16T07:01:08+08:00
古茗,美式,美式,咖啡,中杯,,10.0,,,,,,,图片标注默认中杯、冰、不另外加糖；同名商品采用后图较新数值,中国,,社交媒体数据整理,social://user-images/%E5%8F%A4%E8%8C%97/%E7%BE%8E%E5%BC%8F,social_media,用户提供社交媒体图片,1.0,10.0,10.0,user_provided_social_images,2026-08-16T07:56:37+08:00
古茗,加浓美式,加浓美式,咖啡,中杯,,10.0,,,,,,,图片标注默认中杯、冰、不另外加糖；同名商品采用后图较新数值,中国,,社交媒体数据整理,social://user-images/%E5%8F%A4%E8%8C%97/%E5%8A%A0%E6%B5%93%E7%BE%8E%E5%BC%8F,social_media,用户提供社交媒体图片,1.0,10.0,10.0,user_provided_social_images,2026-08-16T07:56:37+08:00
瑞幸,埃塞金烘美式,埃塞金烘美式,美式咖啡,,,9.0,,,,,,,,中国,,用户提供表格数据,official://luckin/calories/%E5%9F%83%E5%A1%9E%E9%87%91%E7%83%98%E7%BE%8E%E5%BC%8F,official,瑞幸表格数据,1.0,9.0,9.0,spreadsheet_import,2026-08-16T07:01:08+08:00
瑞幸,标准美式,标准美式,美式咖啡,,,8.0,,,,,,,,中国,,用户提供表格数据,official://luckin/calories/%E6%A0%87%E5%87%86%E7%BE%8E%E5%BC%8F,official,瑞幸表格数据,1.0,8.0,8.0,spreadsheet_import,2026-08-16T07:01:08+08:00
瑞幸,深烘美式,深烘美式,美式咖啡,,,7.0,,,,,,,,中国,,用户提供表格数据,official://luckin/calories/%E6%B7%B1%E7%83%98%E7%BE%8E%E5%BC%8F,official,瑞幸表格数据,1.0,7.0,7.0,spreadsheet_import,2026-08-16T07:01:08+08:00
瑞幸,埃塞瑰夏冷萃,埃塞瑰夏冷萃,美式咖啡,,,7.0,,,,,,,,中国,,用户提供表格数据,official://luckin/calories/%E5%9F%83%E5%A1%9E%E7%91%B0%E5%A4%8F%E5%86%B7%E8%90%83,official,瑞幸表格数据,1.0,7.0,7.0,spreadsheet_import,2026-08-16T07:01:08+08:00
霸王茶姬,归云南,归云南,果饮,图片默认规格,,6.0,,,,,,,采用图片醒目标出的默认热量,中国,,社交媒体数据整理,social://user-images/%E9%9C%B8%E7%8E%8B%E8%8C%B6%E5%A7%AC/%E5%BD%92%E4%BA%91%E5%8D%97,social_media,用户提供社交媒体图片,1.0,6.0,6.0,user_provided_social_images,2026-08-16T07:56:37+08:00
霸王茶姬,折桂令,折桂令,果饮,图片默认规格,,5.0,,,,,,,采用图片醒目标出的默认热量,中国,,社交媒体数据整理,social://user-images/%E9%9C%B8%E7%8E%8B%E8%8C%B6%E5%A7%AC/%E6%8A%98%E6%A1%82%E4%BB%A4,social_media,用户提供社交媒体图片,1.0,5.0,5.0,user_provided_social_images,2026-08-16T07:56:37+08:00
霸王茶姬,醉红袍,醉红袍,果饮,图片默认规格,,5.0,,,,,,,采用图片醒目标出的默认热量,中国,,社交媒体数据整理,social://user-images/%E9%9C%B8%E7%8E%8B%E8%8C%B6%E5%A7%AC/%E9%86%89%E7%BA%A2%E8%A2%8D,social_media,用户提供社交媒体图片,1.0,5.0,5.0,user_provided_social_images,2026-08-16T07:56:37+08:00
星巴克,Chamomile Mint Blossom Tea,洋甘菊薄荷花茶,茶饮,Grande 16 fl oz,16.0,5.0,0.0,0.0,0.0,25.0,,,"AN INFUSION OF [WATER, APPLE, GREEN TEA, ROSE HIPS, LEMON VERBENA, SPEARMINT, NATURAL FLAVOR, CHAMOMILE FLOWERS, LICORICE, LEMONGRASS]",,,Starbucks Official,https://www.starbucks.com/menu/product/2123887/hot/nutrition,official,,,,,auto,2026-08-15 22:52:27
星巴克,Iced Passion Tango® Tea,冰摇激情探戈茶,茶饮,Grande 16 fl oz,16.0,5.0,0.0,0.0,0.0,0.0,,,"AN INFUSION OF [WATER, HIBISCUS FLOWERS, CITRIC ACID, NATURAL FLAVORS, CINNAMON, APPLE, LICORICE ROOT, LEMONGRASS, FRUIT JUICE EXTRACT FOR COLOR], ICE.",,,Starbucks Official,https://www.starbucks.com/menu/product/461/iced/nutrition,official,,,,,seed,2026-08-15 23:14:58
古茗,青山乌龙纯茶,青山乌龙纯茶,茶饮,中杯,,0.0,,,,,,,图片标注默认中杯、冰、不另外加糖；同名商品采用后图较新数值,中国,,社交媒体数据整理,social://user-images/%E5%8F%A4%E8%8C%97/%E9%9D%92%E5%B1%B1%E4%B9%8C%E9%BE%99%E7%BA%AF%E8%8C%B6,social_media,用户提供社交媒体图片,1.0,0.0,0.0,user_provided_social_images,2026-08-16T07:56:37+08:00
古茗,清饮龙井,清饮龙井,茶饮,中杯,,0.0,,,,,,,图片标注默认中杯、冰、不另外加糖；同名商品采用后图较新数值,中国,,社交媒体数据整理,social://user-images/%E5%8F%A4%E8%8C%97/%E6%B8%85%E9%A5%AE%E9%BE%99%E4%BA%95,social_media,用户提供社交媒体图片,1.0,0.0,0.0,user_provided_social_images,2026-08-16T07:56:37+08:00
古茗,曲香茉莉,曲香茉莉,茶饮,中杯,,0.0,,,,,,,图片标注默认中杯、冰、不另外加糖；同名商品采用后图较新数值,中国,,社交媒体数据整理,social://user-images/%E5%8F%A4%E8%8C%97/%E6%9B%B2%E9%A6%99%E8%8C%89%E8%8E%89,social_media,用户提供社交媒体图片,1.0,0.0,0.0,user_provided_social_images,2026-08-16T07:56:37+08:00
霸王茶姬,千峰翠,千峰翠,果饮,图片默认规格,,0.0,,,,,,,采用图片醒目标出的默认热量,中国,,社交媒体数据整理,social://user-images/%E9%9C%B8%E7%8E%8B%E8%8C%B6%E5%A7%AC/%E5%8D%83%E5%B3%B0%E7%BF%A0,social_media,用户提供社交媒体图片,1.0,0.0,0.0,user_provided_social_images,2026-08-16T07:56:37+08:00
霸王茶姬,七里香,七里香,果饮,图片默认规格,,0.0,,,,,,,采用图片醒目标出的默认热量,中国,,社交媒体数据整理,social://user-images/%E9%9C%B8%E7%8E%8B%E8%8C%B6%E5%A7%AC/%E4%B8%83%E9%87%8C%E9%A6%99,social_media,用户提供社交媒体图片,1.0,0.0,0.0,user_provided_social_images,2026-08-16T07:56:37+08:00
霸王茶姬,醉红尘,醉红尘,果饮,图片默认规格,,0.0,,,,,,,采用图片醒目标出的默认热量,中国,,社交媒体数据整理,social://user-images/%E9%9C%B8%E7%8E%8B%E8%8C%B6%E5%A7%AC/%E9%86%89%E7%BA%A2%E5%B0%98,social_media,用户提供社交媒体图片,1.0,0.0,0.0,user_provided_social_images,2026-08-16T07:56:37+08:00
霸王茶姬,醒春山,醒春山,茶饮,图片默认规格,,0.0,,,,,,,采用图片醒目标出的默认热量,中国,,社交媒体数据整理,social://user-images/%E9%9C%B8%E7%8E%8B%E8%8C%B6%E5%A7%AC/%E9%86%92%E6%98%A5%E5%B1%B1,social_media,用户提供社交媒体图片,1.0,0.0,0.0,user_provided_social_images,2026-08-16T07:56:37+08:00
霸王茶姬,木兰辞,木兰辞,果饮,图片默认规格,,0.0,,,,,,,采用图片醒目标出的默认热量,中国,,社交媒体数据整理,social://user-images/%E9%9C%B8%E7%8E%8B%E8%8C%B6%E5%A7%AC/%E6%9C%A8%E5%85%B0%E8%BE%9E,social_media,用户提供社交媒体图片,1.0,0.0,0.0,user_provided_social_images,2026-08-16T07:56:37+08:00
霸王茶姬,花田坞,花田坞,果饮,图片默认规格,,0.0,,,,,,,采用图片醒目标出的默认热量,中国,,社交媒体数据整理,social://user-images/%E9%9C%B8%E7%8E%8B%E8%8C%B6%E5%A7%AC/%E8%8A%B1%E7%94%B0%E5%9D%9E,social_media,用户提供社交媒体图片,1.0,0.0,0.0,user_provided_social_images,2026-08-16T07:56:37+08:00
霸王茶姬,云中绿,云中绿,果饮,图片默认规格,,0.0,,,,,,,采用图片醒目标出的默认热量,中国,,社交媒体数据整理,social://user-images/%E9%9C%B8%E7%8E%8B%E8%8C%B6%E5%A7%AC/%E4%BA%91%E4%B8%AD%E7%BB%BF,social_media,用户提供社交媒体图片,1.0,0.0,0.0,user_provided_social_images,2026-08-16T07:56:37+08:00
库迪,晴天茉莉绿茶,晴天茉莉绿茶,奶茶,超大杯,19.2740122068744,0.0,,,,,,,图片标注默认不加糖；半糖增加23千卡，全糖增加46千卡；热饮约为冰饮热量的1.2倍,中国,,社交媒体数据整理,social://xiaohongshu/cotti/%E6%99%B4%E5%A4%A9%E8%8C%89%E8%8E%89%E7%BB%BF%E8%8C%B6/%E8%B6%85%E5%A4%A7%E6%9D%AF,social_media,小红书公开图片,1.0,0.0,0.0,user_provided_social_images,2026-08-16T07:01:08+08:00
库迪,晴天茉莉绿茶,晴天茉莉绿茶,奶茶,大杯,15.216325426479788,0.0,,,,,,,图片标注默认不加糖；半糖增加23千卡，全糖增加46千卡；热饮约为冰饮热量的1.2倍,中国,,社交媒体数据整理,social://xiaohongshu/cotti/%E6%99%B4%E5%A4%A9%E8%8C%89%E8%8E%89%E7%BB%BF%E8%8C%B6/%E5%A4%A7%E6%9D%AF,social_media,小红书公开图片,1.0,0.0,0.0,user_provided_social_images,2026-08-16T07:01:08+08:00
库迪,晴天茉莉绿茶,晴天茉莉绿茶,奶茶,中杯,11.834919776150945,0.0,,,,,,,图片标注默认不加糖；半糖增加23千卡，全糖增加46千卡；热饮约为冰饮热量的1.2倍,中国,,社交媒体数据整理,social://xiaohongshu/cotti/%E6%99%B4%E5%A4%A9%E8%8C%89%E8%8E%89%E7%BB%BF%E8%8C%B6/%E4%B8%AD%E6%9D%AF,social_media,小红书公开图片,1.0,0.0,0.0,user_provided_social_images,2026-08-16T07:01:08+08:00
库迪,金奖深烘,金奖深烘,经典咖啡,默认配方,,0.0,,,,,,,图片标注默认不加糖；半糖增加23千卡，全糖增加46千卡；热饮约为冰饮热量的1.2倍,中国,,社交媒体数据整理,social://xiaohongshu/cotti/%E9%87%91%E5%A5%96%E6%B7%B1%E7%83%98/%E9%BB%98%E8%AE%A4%E9%85%8D%E6%96%B9,social_media,小红书公开图片,1.0,0.0,0.0,user_provided_social_images,2026-08-16T07:01:08+08:00
库迪,铂金精品,铂金精品,经典咖啡,默认配方,,0.0,,,,,,,图片标注默认不加糖；半糖增加23千卡，全糖增加46千卡；热饮约为冰饮热量的1.2倍,中国,,社交媒体数据整理,social://xiaohongshu/cotti/%E9%93%82%E9%87%91%E7%B2%BE%E5%93%81/%E9%BB%98%E8%AE%A4%E9%85%8D%E6%96%B9,social_media,小红书公开图片,1.0,0.0,0.0,user_provided_social_images,2026-08-16T07:01:08+08:00
喜茶,纯绿妍茶后,纯绿妍茶后,茶,,,0.0,,,,,,,,中国,,喜茶官方热量数据,official://heytea/calories/%E7%BA%AF%E7%BB%BF%E5%A6%8D%E8%8C%B6%E5%90%8E,official,喜茶官方,1.0,0.0,0.0,official_spreadsheet_import,2026-08-16T06:28:46+08:00
星巴克,Royal English Breakfast Tea,英式早餐红茶,茶饮,Grande 16 fl oz,16.0,0.0,0.0,0.0,0.0,40.0,,,"An Infusion Of [Water, A Blend Of Black Teas]",,,Starbucks Official,https://www.starbucks.com/menu/product/446/hot/nutrition,official,,,,,auto,2026-08-15 23:14:42
星巴克,Earl Grey Tea,伯爵红茶,茶饮,Grande 16 fl oz,16.0,0.0,0.0,0.0,0.0,40.0,,,"An Infusion Of [Water, Black Tea, Bergamot Essence, Lavender Flowers]",,,Starbucks Official,https://www.starbucks.com/menu/product/450/hot/nutrition,official,,,,,auto,2026-08-15 23:14:46
星巴克,Iced Black Tea,冰摇红茶,茶饮,Grande 16 fl oz,16.0,0.0,0.0,0.0,0.0,25.0,,,"AN INFUSION OF [WATER, A BLEND OF BLACK TEAS], ICE.",,,Starbucks Official,https://www.starbucks.com/menu/product/457/iced/nutrition,official,,,,,seed,2026-08-15 23:14:50
星巴克,Iced Green Tea,冰摇绿茶,茶饮,Grande 16 fl oz,16.0,0.0,0.0,0.0,0.0,25.0,,,"AN INFUSION OF [WATER, A BLEND OF GREEN TEAS, SPEARMINT, LEMON VERBENA, LEMONGRASS, NATURAL FLAVOR], ICE.",,,Starbucks Official,https://www.starbucks.com/menu/product/459/iced/nutrition,official,,,,,seed,2026-08-15 23:14:54
星巴克,Emperor's Clouds & Mist® Tea,云雾绿茶,茶饮,Grande 16 fl oz,16.0,0.0,0.0,0.0,0.0,16.0,,,"An Infusion Of [Water, Green Tea]",,,Starbucks Official,https://www.starbucks.com/menu/product/873068751/hot/nutrition,official,,,,,auto,2026-08-15 23:15:40
星巴克,Mint Majesty® Tea,薄荷花草茶,茶饮,Grande 16 fl oz,16.0,0.0,0.0,0.0,0.0,0.0,,,"An Infusion Of [Water, Spearmint Leaves, Peppermint Leaves, Lemon Verbena]",,,Starbucks Official,https://www.starbucks.com/menu/product/873068754/hot/nutrition,official,,,,,auto,2026-08-15 23:15:44
